nameWithOwner;stargazers/totalCount;createdAt;repositoryAge;pullRequests/totalCount;releases/totalCount;updatedAt;primaryLanguage/name;closedIssues/totalCount;totalIssues/totalCount;closedIssues/totalIssues (%)
freeCodeCamp/freeCodeCamp;314722;24/12/2014 17:49;5;13123;0;16/09/2020 12:43;JavaScript;14531;14728;98.66
996icu/996.ICU;251609;26/03/2019 07:31;1;1020;0;16/09/2020 11:47;Rust;0;0;-
vuejs/vue;172080;29/07/2013 03:24;7;974;208;16/09/2020 12:54;JavaScript;8846;9178;96.38
EbookFoundation/free-programming-books;159541;11/10/2013 06:50;6;2576;0;16/09/2020 12:35;None;423;459;92.16
facebook/react;155929;24/05/2013 16:15;7;7028;90;16/09/2020 13:08;JavaScript;9104;9564;95.19
tensorflow/tensorflow;148420;07/11/2015 01:19;4;10458;112;16/09/2020 13:07;C++;23923;27660;86.49
twbs/bootstrap;144113;29/07/2011 21:19;9;6037;61;16/09/2020 12:53;JavaScript;19234;19582;98.22
sindresorhus/awesome;140950;11/07/2014 13:42;6;493;0;16/09/2020 12:53;None;242;257;94.16
jwasham/coding-interview-university;134781;06/06/2016 02:34;4;183;0;16/09/2020 13:09;None;134;163;82.21
getify/You-Dont-Know-JS;127412;16/11/2013 02:37;6;349;0;16/09/2020 13:06;None;776;850;91.29
kamranahmedse/developer-roadmap;125819;15/03/2017 13:45;3;57;3;16/09/2020 13:10;None;431;460;93.70
ohmyzsh/ohmyzsh;116235;28/08/2009 18:15;11;2308;0;16/09/2020 11:33;Shell;3303;3519;93.86
CyC2018/CS-Notes;111021;13/02/2018 14:56;2;361;0;16/09/2020 13:03;Java;378;430;87.91
github/gitignore;107861;08/11/2010 20:17;9;1414;0;16/09/2020 12:47;None;0;0;-
donnemartin/system-design-primer;106838;26/02/2017 16:15;3;183;0;16/09/2020 12:53;Python;52;136;38.24
microsoft/vscode;103244;03/09/2015 20:23;5;5660;15;16/09/2020 12:56;TypeScript;92023;97247;94.63
flutter/flutter;101456;06/03/2015 22:54;5;16351;0;16/09/2020 12:45;Dart;35365;43198;81.87
airbnb/javascript;99674;01/11/2012 23:13;7;740;0;16/09/2020 13:03;JavaScript;947;1023;92.57
torvalds/linux;97465;04/09/2011 22:48;9;9;0;16/09/2020 12:54;C;0;0;-
public-apis/public-apis;96262;20/03/2016 23:49;4;785;0;16/09/2020 13:09;Python;123;143;86.01
d3/d3;93702;27/09/2010 17:22;9;435;158;16/09/2020 11:55;JavaScript;2047;2052;99.76
jackfrued/Python-100-Days;92683;01/03/2018 16:05;2;12;0;16/09/2020 12:57;Jupyter Notebook;71;413;17.19
facebook/react-native;90106;09/01/2015 18:10;5;614;147;16/09/2020 11:21;JavaScript;19322;20119;96.04
Snailclimb/JavaGuide;88099;07/05/2018 13:27;2;321;0;16/09/2020 13:05;Java;430;458;93.89
vinta/awesome-python;86655;27/06/2014 21:00;6;504;0;16/09/2020 12:57;Python;175;175;100.00
electron/electron;85798;12/04/2013 01:47;7;10006;618;16/09/2020 12:48;C++;12379;13701;90.35
TheAlgorithms/Python;85574;16/07/2016 09:44;4;1147;0;16/09/2020 13:03;Python;398;402;99.00
danistefanovic/build-your-own-x;82289;09/05/2018 12:03;2;82;0;16/09/2020 12:52;None;275;348;79.02
facebook/create-react-app;81887;17/07/2016 14:55;4;1800;74;16/09/2020 12:49;JavaScript;5660;6191;91.42
trekhleb/javascript-algorithms;80919;24/03/2018 07:47;2;156;0;16/09/2020 13:06;JavaScript;100;157;63.69
jlevy/the-art-of-command-line;80330;20/05/2015 15:11;5;303;0;16/09/2020 12:54;None;83;174;47.70
axios/axios;77020;18/08/2014 22:30;6;351;24;16/09/2020 12:43;JavaScript;2361;2558;92.30
golang/go;76561;19/08/2014 04:33;6;0;0;16/09/2020 12:02;Go;33792;39919;84.65
nodejs/node;72986;26/11/2014 19:57;5;2487;179;16/09/2020 13:09;JavaScript;11264;12147;92.73
ytdl-org/youtube-dl;70799;31/10/2010 14:35;9;1427;300;16/09/2020 12:20;Python;18271;21427;85.27
kubernetes/kubernetes;70053;06/06/2014 22:56;6;44447;416;16/09/2020 12:09;Go;34063;36096;94.37
justjavac/free-programming-books-zh_CN;69856;04/11/2013 01:59;6;268;3;16/09/2020 13:08;None;0;0;-
animate-css/animate.css;67886;12/10/2011 10:07;8;168;22;16/09/2020 07:18;CSS;730;733;99.59
microsoft/terminal;67855;11/08/2017 18:38;3;1350;34;16/09/2020 12:25;C++;4940;6009;82.21
denoland/deno;67340;15/05/2018 01:34;2;3365;100;16/09/2020 12:43;TypeScript;2465;3063;80.48
puppeteer/puppeteer;65125;09/05/2017 22:16;3;1702;51;16/09/2020 12:36;TypeScript;3095;4296;72.04
microsoft/TypeScript;64341;17/06/2014 15:28;6;9877;107;16/09/2020 12:26;TypeScript;23187;27634;83.91
FortAwesome/Font-Awesome;63910;17/02/2012 14:19;8;179;38;16/09/2020 08:33;JavaScript;10979;16464;66.68
mrdoob/three.js;63423;23/03/2010 18:58;10;7580;112;16/09/2020 12:22;JavaScript;9585;10023;95.63
ant-design/ant-design;63373;24/04/2015 15:37;5;6293;363;16/09/2020 12:33;TypeScript;18310;18790;97.45
FortAwesome/Font-Awesome;63910;17/02/2012 14:19;8;179;38;16/09/2020 08:33;JavaScript;10979;16464;66.68
mrdoob/three.js;63423;23/03/2010 18:58;10;7580;112;16/09/2020 12:22;JavaScript;9585;10023;95.63
ant-design/ant-design;63373;24/04/2015 15:37;5;6293;363;16/09/2020 12:33;TypeScript;18310;18790;97.45
labuladong/fucking-algorithm;61885;19/02/2020 09:01;0;118;0;16/09/2020 13:03;None;194;216;89.81
30-seconds/30-seconds-of-code;61757;29/11/2017 17:35;2;669;4;16/09/2020 12:58;JavaScript;257;258;99.61
laravel/laravel;61456;08/06/2011 03:06;9;1251;40;16/09/2020 13:08;PHP;0;0;-
mui-org/material-ui;61003;18/08/2014 19:11;6;8702;273;16/09/2020 12:36;JavaScript;11310;11740;96.34
iluwatar/java-design-patterns;60555;09/08/2014 16:45;6;624;0;16/09/2020 12:58;Java;410;639;64.16
PanJiaChen/vue-element-admin;59792;17/04/2017 03:35;3;313;49;16/09/2020 11:33;Vue;2203;2908;75.76
angular/angular.js;59510;06/01/2010 00:34;10;783;0;16/09/2020 12:01;JavaScript;8612;9001;95.68
MisterBooo/LeetCodeAnimation;59227;06/12/2018 08:01;1;61;0;16/09/2020 12:50;Java;39;45;86.67
moby/moby;58061;18/01/2013 18:10;7;16427;85;16/09/2020 12:03;Go;16769;20426;82.10
avelino/awesome-go;57458;06/07/2014 13:42;6;2181;0;16/09/2020 12:50;Go;229;236;97.03
vuejs/awesome-vue;56365;20/10/2015 00:16;4;2949;0;16/09/2020 13:07;None;115;181;63.54
webpack/webpack;55602;10/03/2012 10:08;8;3111;234;16/09/2020 13:10;JavaScript;7106;7369;96.43
nvbn/thefuck;55479;08/04/2015 15:08;5;416;15;16/09/2020 11:38;Python;363;557;65.17
reduxjs/redux;54299;29/05/2015 23:53;5;1325;61;16/09/2020 12:17;TypeScript;1770;1805;98.06
jquery/jquery;53965;03/04/2009 15:20;11;488;1;16/09/2020 09:02;JavaScript;1990;2052;96.98
apple/swift;53471;23/10/2015 21:15;4;29671;26;16/09/2020 12:58;C++;0;0;-
storybookjs/storybook;53457;18/03/2016 04:23;4;4779;592;16/09/2020 12:18;TypeScript;5540;6197;89.40
vercel/next.js;53257;05/10/2016 23:32;3;5289;820;16/09/2020 13:05;JavaScript;6795;7301;93.07
hakimel/reveal.js;53085;07/06/2011 18:54;9;338;31;16/09/2020 12:58;JavaScript;1365;1865;73.19
atom/atom;53001;20/01/2012 18:18;8;3640;520;16/09/2020 12:34;JavaScript;15389;16040;95.94
goldbergyoni/nodebestpractices;52418;15/09/2017 08:33;3;462;0;16/09/2020 13:05;JavaScript;193;208;92.79
pallets/flask;52017;06/04/2010 11:11;10;1077;10;16/09/2020 12:57;Python;1969;1988;99.04
django/django;51986;28/04/2012 02:47;8;5880;0;16/09/2020 12:59;Python;0;0;-
elastic/elasticsearch;51068;08/02/2010 13:20;10;30800;32;16/09/2020 13:08;Java;22202;24844;89.37
socketio/socket.io;50673;11/03/2010 18:24;10;376;18;16/09/2020 12:36;JavaScript;2377;2882;82.48
tonsky/FiraCode;50557;11/11/2014 19:32;5;94;26;16/09/2020 12:41;Clojure;743;983;75.58
spring-projects/spring-boot;50514;19/10/2012 15:02;7;41;66;16/09/2020 12:31;Java;18315;18809;97.37
shadowsocks/shadowsocks-windows;50441;14/01/2013 07:54;7;222;47;16/09/2020 11:43;C#;2494;2546;97.96
chartjs/Chart.js;50285;17/03/2013 23:56;7;1731;46;16/09/2020 12:50;JavaScript;5011;5367;93.37
expressjs/express;50113;26/06/2009 18:56;11;210;141;16/09/2020 13:04;JavaScript;3274;3368;97.21
keras-team/keras;49742;28/03/2015 00:35;5;2403;23;16/09/2020 13:00;Python;7189;10259;70.08
typicode/json-server;49525;27/11/2013 13:21;6;92;7;16/09/2020 08:43;JavaScript;405;898;45.10
chrislgarry/Apollo-11;49009;03/04/2014 15:45;6;245;0;16/09/2020 13:05;Assembly;277;364;76.10
awesome-selfhosted/awesome-selfhosted;48454;01/06/2015 02:33;5;1358;0;16/09/2020 12:04;JavaScript;468;543;86.19
Semantic-Org/Semantic-UI;48454;08/04/2013 23:32;7;351;153;16/09/2020 11:06;JavaScript;5220;6127;85.20
netdata/netdata;48402;17/06/2013 18:39;7;3693;37;16/09/2020 12:36;C;5109;5751;88.84
opencv/opencv;48301;19/07/2012 09:40;8;8948;46;16/09/2020 12:51;C++;5304;7170;73.97
rust-lang/rust;48247;16/06/2010 20:39;10;30392;80;16/09/2020 13:00;Rust;29996;35902;83.55
adam-p/markdown-here;48215;13/05/2012 03:27;8;20;11;16/09/2020 12:32;JavaScript;299;556;53.78
httpie/httpie;48071;25/02/2012 12:39;8;128;34;16/09/2020 13:02;Python;522;631;82.73
kdn251/interviews;47663;14/02/2017 18:19;3;42;0;16/09/2020 09:42;Java;17;44;38.64
xingshaocheng/architect-awesome;47425;06/04/2018 13:30;2;49;0;16/09/2020 12:40;None;19;64;29.69
doocs/advanced-java;47312;06/10/2018 11:38;1;56;0;16/09/2020 12:59;Java;94;107;87.85
ElemeFE/element;47255;03/09/2016 06:19;4;3063;128;16/09/2020 11:00;Vue;14070;15709;89.57
gatsbyjs/gatsby;46887;21/05/2015 22:43;5;12831;74;16/09/2020 12:57;JavaScript;10938;11549;94.71
gothinkster/realworld;46800;26/02/2016 20:49;4;133;0;16/09/2020 12:49;JavaScript;155;374;41.44
h5bp/html5-boilerplate;46762;24/01/2010 18:03;10;391;32;16/09/2020 13:10;JavaScript;1183;1185;99.83
gohugoio/hugo;46643;04/07/2013 15:26;7;1181;136;16/09/2020 12:12;Go;4388;4899;89.57
josephmisiti/awesome-machine-learning;46522;15/07/2014 19:11;6;608;0;16/09/2020 13:09;Python;65;66;98.48
lodash/lodash;46504;07/04/2012 04:11;8;569;2;16/09/2020 12:46;JavaScript;3685;3781;97.46
rails/rails;46424;11/04/2008 02:19;12;17218;26;16/09/2020 13:12;Ruby;13657;14038;97.29
resume/resume.github.com;46155;06/02/2011 13:39;9;84;0;16/09/2020 12:02;JavaScript;56;86;65.12
h5bp/Front-end-Developer-Interview-Questions;46033;09/02/2012 23:34;8;334;0;16/09/2020 11:10;HTML;99;103;96.12
redis/redis;45195;21/03/2009 22:32;11;1278;3;16/09/2020 12:32;C;2695;4431;60.82
bitcoin/bitcoin;45134;19/12/2010 15:16;9;9248;33;16/09/2020 12:29;C++;5139;5687;90.36
yangshun/tech-interview-handbook;44887;05/07/2016 05:00;4;118;0;16/09/2020 11:50;JavaScript;17;26;65.38
moment/moment;44793;01/03/2011 02:46;9;693;0;16/09/2020 13:10;JavaScript;3699;3772;98.06
ansible/ansible;44756;06/03/2012 14:58;8;32066;3;16/09/2020 12:36;Python;26545;28063;94.59
nvm-sh/nvm;44057;15/04/2010 17:47;10;567;53;16/09/2020 12:17;Shell;1192;1438;82.89
protocolbuffers/protobuf;43737;26/08/2014 15:52;6;2735;56;16/09/2020 12:23;C++;3091;4094;75.50
psf/requests;43513;13/02/2011 18:38;9;1346;0;16/09/2020 07:39;Python;2988;3230;92.51
ReactiveX/RxJava;43434;08/01/2013 20:11;7;2897;200;16/09/2020 09:07;Java;2956;2966;99.66
kelseyhightower/nocode;43434;06/02/2018 23:54;2;1;1;16/09/2020 12:41;Dockerfile;446;3665;12.17
papers-we-love/papers-we-love;42981;15/12/2013 14:31;6;382;0;16/09/2020 13:10;Shell;120;131;91.60
apache/incubator-echarts;42872;03/04/2013 03:18;7;547;75;16/09/2020 12:53;JavaScript;10882;12466;87.29
thedaviddias/Front-End-Checklist;42810;16/10/2017 10:12;2;155;1;16/09/2020 13:12;None;109;111;98.20
mtdvio/every-programmer-should-know;42608;24/08/2017 13:18;3;83;0;16/09/2020 11:52;None;16;29;55.17
scikit-learn/scikit-learn;42290;17/08/2010 09:43;10;6746;20;16/09/2020 12:38;Python;6304;7862;80.18
meteor/meteor;41942;19/01/2012 01:58;8;1239;0;16/09/2020 12:37;JavaScript;8279;8380;98.79
pytorch/pytorch;41824;13/08/2016 05:26;4;4202;28;16/09/2020 13:07;C++;11154;16181;68.93
ionic-team/ionic-framework;41749;20/08/2013 23:06;7;2489;210;16/09/2020 12:57;TypeScript;17399;18041;96.44
gin-gonic/gin;41679;16/06/2014 23:57;6;645;13;16/09/2020 12:52;Go;1211;1457;83.12
ReactTraining/react-router;41644;16/05/2014 22:22;6;1179;153;16/09/2020 10:31;JavaScript;5611;5643;99.43
jekyll/jekyll;41246;20/10/2008 06:29;11;2815;98;16/09/2020 11:13;Ruby;4202;4289;97.97
jgthms/bulma;41130;23/01/2016 23:48;4;526;13;16/09/2020 12:46;CSS;1908;2139;89.20
google/material-design-icons;40991;08/10/2014 18:01;5;28;16;16/09/2020 11:49;None;332;919;36.13
macrozheng/mall;40970;04/04/2018 01:11;2;0;1;16/09/2020 12:45;Java;320;333;96.10
awesomedata/awesome-public-datasets;40937;20/11/2014 06:20;5;187;0;16/09/2020 12:30;None;44;88;50.00
scutan90/DeepLearning-500-questions;40723;27/06/2018 06:36;2;297;0;16/09/2020 12:57;JavaScript;77;157;49.04
necolas/normalize.css;40562;04/05/2011 10:20;9;56;0;16/09/2020 13:06;CSS;441;463;95.25
Hack-with-Github/Awesome-Hacking;40545;30/03/2016 15:47;4;21;0;16/09/2020 12:02;None;0;0;-
NARKOZ/hacker-scripts;39411;21/11/2015 19:05;4;62;0;16/09/2020 10:41;JavaScript;27;59;45.76
spring-projects/spring-framework;39259;08/12/2010 04:04;9;586;188;16/09/2020 12:36;Java;19086;19984;95.51
ryanmcdermott/clean-code-javascript;39159;25/11/2016 22:25;3;141;0;16/09/2020 12:33;JavaScript;61;95;64.21
jaywcjlove/awesome-mac;39124;17/07/2016 15:33;4;484;0;16/09/2020 13:12;JavaScript;213;270;78.89
enaqx/awesome-react;39058;06/08/2014 05:31;6;705;0;16/09/2020 12:14;None;62;69;89.86
fatedier/frp;39048;21/12/2015 15:24;4;259;54;16/09/2020 11:54;Go;1514;1585;95.52
yarnpkg/yarn;38984;19/01/2016 17:39;4;1651;140;16/09/2020 12:48;JavaScript;3746;5989;62.55
aymericdamien/TensorFlow-Examples;38802;11/11/2015 14:21;4;84;0;16/09/2020 12:13;Jupyter Notebook;66;217;30.41
wasabeef/awesome-android-ui;38775;24/12/2014 01:45;5;60;0;16/09/2020 08:34;None;0;0;-
google/guava;38760;29/05/2014 16:23;6;248;29;16/09/2020 12:47;Java;2521;3172;79.48
ripienaar/free-for-dev;38582;18/03/2015 21:06;5;1220;0;16/09/2020 11:08;HTML;0;0;-
neovim/neovim;38513;31/01/2014 13:39;6;4440;21;16/09/2020 12:51;Vim script;4857;5816;83.51
scrapy/scrapy;38280;22/02/2010 02:01;10;1575;17;16/09/2020 10:24;Python;1838;2291;80.23
square/okhttp;38226;23/07/2012 13:42;8;2449;0;16/09/2020 10:14;Java;3120;3195;97.65
sindresorhus/awesome-nodejs;38048;11/07/2014 13:35;6;359;0;16/09/2020 12:47;None;90;90;100.00
Dogfalo/materialize;38001;12/09/2014 19:35;6;449;41;16/09/2020 12:46;JavaScript;4557;5157;88.37
minimaxir/big-list-of-naughty-strings;37961;08/08/2015 20:57;5;89;0;16/09/2020 04:09;Python;27;76;35.53
prettier/prettier;37682;29/11/2016 17:13;3;3893;70;16/09/2020 10:20;JavaScript;3870;4490;86.19
babel/babel;37419;28/09/2014 13:38;5;3601;217;16/09/2020 13:13;JavaScript;6640;7296;91.01
serverless/serverless;37378;21/04/2015 03:48;5;2946;187;16/09/2020 12:30;JavaScript;3822;4604;83.01
android/architecture-samples;37327;05/02/2016 13:42;4;172;0;16/09/2020 13:04;Kotlin;277;395;70.13
Genymobile/scrcpy;37324;21/11/2017 18:00;2;23;20;16/09/2020 12:52;C;1143;1606;71.17
tuvtran/project-based-learning;37241;12/04/2017 05:07;3;125;0;16/09/2020 13:11;None;15;29;51.72
nwjs/nw.js;37211;04/01/2012 06:21;8;561;0;16/09/2020 10:07;JavaScript;5998;6748;88.89
grafana/grafana;37183;11/12/2013 15:59;6;8282;189;16/09/2020 12:39;TypeScript;14751;17504;84.27
microsoft/PowerToys;37061;01/05/2019 17:44;1;1461;21;16/09/2020 13:12;C++;3572;4977;71.77
sveltejs/svelte;37008;20/11/2016 18:13;3;1802;0;16/09/2020 12:48;JavaScript;2664;3123;85.30
juliangarnier/anime;36763;13/03/2016 21:37;4;66;13;16/09/2020 13:05;JavaScript;445;567;78.48
FreeCodeCampChina/freecodecamp.cn;36759;30/09/2016 03:13;3;55;0;16/09/2020 03:20;CSS;442;585;75.56
parcel-bundler/parcel;36688;07/08/2017 16:36;3;1299;1;16/09/2020 10:19;JavaScript;2657;3198;83.08
square/retrofit;36553;06/09/2010 21:39;10;714;27;16/09/2020 07:18;Java;2313;2414;95.82
azl397985856/leetcode;36421;30/03/2018 09:13;2;188;23;16/09/2020 12:32;JavaScript;174;192;90.62
tesseract-ocr/tesseract;36352;12/08/2014 18:04;6;1034;8;16/09/2020 11:42;C++;1599;1901;84.11
ageitgey/face_recognition;36238;03/03/2017 21:52;3;75;2;16/09/2020 12:23;Python;519;1043;49.76
ColorlibHQ/AdminLTE;36142;25/12/2013 02:52;6;429;68;16/09/2020 11:44;JavaScript;2215;2280;97.15
ziishaned/learn-regex;36099;22/07/2017 12:21;3;104;0;16/09/2020 11:24;None;33;71;46.48
MaximAbramchuck/awesome-interview-questions;36087;28/11/2015 09:48;4;138;0;16/09/2020 13:08;None;19;30;63.33
impress/impress.js;35877;28/12/2011 22:23;8;93;14;16/09/2020 09:55;JavaScript;393;439;89.52
vsouza/awesome-ios;35654;10/07/2014 16:03;6;2125;0;16/09/2020 09:25;Swift;433;433;100.00
astaxie/build-web-application-with-golang;35626;02/08/2012 11:49;8;730;0;16/09/2020 11:48;Go;172;282;60.99
x64dbg/x64dbg;35559;11/04/2015 20:48;5;462;3;16/09/2020 09:26;C++;1453;1852;78.46
home-assistant/core;35468;17/09/2013 07:29;6;19577;641;16/09/2020 13:10;Python;15225;16232;93.80
gogs/gogs;35394;12/02/2014 01:57;6;1124;58;16/09/2020 10:27;Go;3943;4615;85.44
nodejs/node-v0.x-archive;35055;27/05/2009 16:29;11;218;0;14/09/2020 21:19;None;5847;6382;91.62
cdr/code-server;34988;27/02/2019 16:50;1;250;47;16/09/2020 12:38;TypeScript;1505;1672;90.01
v2ray/v2ray-core;34962;04/09/2015 11:42;5;197;245;16/09/2020 13:05;Go;2190;2298;95.30
soimort/you-get;34952;20/08/2012 15:53;8;515;105;16/09/2020 12:26;Python;0;0;-
prakhar1989/awesome-courses;34913;15/11/2014 18:36;5;183;0;16/09/2020 10:30;None;34;59;57.63
TryGhost/Ghost;34867;04/05/2013 11:09;7;4926;353;16/09/2020 13:09;JavaScript;5849;5909;98.98
bailicangdu/vue2-elm;34418;23/12/2016 01:49;3;20;0;16/09/2020 12:49;Vue;433;518;83.59
Alamofire/Alamofire;34349;31/07/2014 05:56;6;465;81;16/09/2020 12:39;Swift;2390;2422;98.68
vercel/hyper;34116;01/07/2016 06:01;4;1404;64;16/09/2020 13:08;TypeScript;2380;3089;77.05
git/git;34102;23/07/2008 14:21;12;2;0;16/09/2020 12:48;C;0;0;-
k88hudson/git-flight-rules;33873;22/07/2014 20:35;6;200;0;16/09/2020 08:23;None;46;58;79.31
sdmg15/Best-websites-a-programmer-should-visit;33780;05/03/2017 20:25;3;240;0;16/09/2020 08:12;None;48;49;97.96
huggingface/transformers;33725;29/10/2018 13:56;1;2163;34;16/09/2020 12:52;Python;3822;4339;88.08
trimstray/the-book-of-secret-knowledge;33721;23/06/2018 10:43;2;91;0;16/09/2020 11:13;None;36;39;92.31
apache/dubbo;33539;19/06/2012 07:56;8;1698;27;16/09/2020 12:12;Java;3173;3791;83.70
521xueweihan/HelloGitHub;33528;04/05/2016 06:24;4;12;9;16/09/2020 13:13;Python;1355;1373;98.69
python/cpython;33504;10/02/2017 19:23;3;17755;0;16/09/2020 12:48;Python;0;0;-
JetBrains/kotlin;33363;13/02/2012 17:29;8;1526;147;16/09/2020 13:05;Kotlin;0;0;-
godotengine/godot;33256;04/01/2014 16:05;6;13239;27;16/09/2020 11:43;C++;19659;24437;80.45
Unitech/pm2;33189;21/05/2013 03:25;7;497;107;16/09/2020 12:43;JavaScript;3829;4081;93.83
leonardomso/33-js-concepts;33148;04/09/2018 13:27;2;95;0;16/09/2020 09:09;JavaScript;24;26;92.31
syncthing/syncthing;32990;26/11/2013 09:48;6;1611;223;16/09/2020 12:55;Go;3962;4205;94.22
AFNetworking/AFNetworking;32944;31/05/2011 21:28;9;703;40;16/09/2020 03:47;Objective-C;3032;3056;99.21
prometheus/prometheus;32897;24/11/2012 11:14;7;3327;157;16/09/2020 13:02;Go;3354;3613;92.83
justjavac/awesome-wechat-weapp;32795;22/09/2016 20:04;3;233;0;16/09/2020 10:20;None;0;0;-
etcd-io/etcd;32785;06/07/2013 21:57;7;6011;191;16/09/2020 12:16;Go;4860;5042;96.39
shadowsocks/shadowsocks;32781;20/04/2012 13:10;8;70;2;16/09/2020 08:20;Python;0;0;-
facebook/jest;32457;10/12/2013 00:18;6;3742;112;16/09/2020 13:01;TypeScript;4585;5676;80.78
deepfakes/faceswap;32366;19/12/2017 09:44;2;309;3;16/09/2020 13:08;Python;609;628;96.97
mozilla/pdf.js;32127;26/04/2011 06:32;9;4482;34;16/09/2020 09:46;JavaScript;6406;7020;91.25
mermaid-js/mermaid;32012;01/11/2014 23:52;5;465;54;16/09/2020 12:59;JavaScript;908;1157;78.48
adobe/brackets;31904;07/12/2011 21:14;8;4332;69;16/09/2020 10:33;JavaScript;7014;9554;73.41
gulpjs/gulp;31903;04/07/2013 05:26;7;386;22;16/09/2020 10:54;JavaScript;1785;1806;98.84
junegunn/fzf;31782;23/10/2013 16:04;6;243;0;16/09/2020 11:36;Go;1526;1707;89.40
PhilJay/MPAndroidChart;31700;25/04/2014 14:29;6;189;44;16/09/2020 10:31;Java;2798;4530;61.77
google/material-design-lite;31670;14/01/2015 22:01;5;655;14;16/09/2020 12:48;HTML;1796;2147;83.65
karan/Projects;31590;04/07/2013 13:37;7;19;0;16/09/2020 08:40;None;29;56;51.79
algorithm-visualizer/algorithm-visualizer;31589;15/05/2016 00:27;4;178;0;16/09/2020 10:34;JavaScript;64;76;84.21
discourse/discourse;31507;12/01/2013 00:25;7;8541;0;16/09/2020 13:05;Ruby;0;0;-
hexojs/hexo;31282;23/09/2012 15:17;7;688;98;16/09/2020 13:08;JavaScript;3476;3562;97.59
slatedocs/slate;31131;13/09/2013 22:15;7;212;19;16/09/2020 06:13;CSS;523;544;96.14
styled-components/styled-components;30877;16/08/2016 06:41;4;770;106;16/09/2020 10:53;JavaScript;2049;2191;93.52
Solido/awesome-flutter;30851;07/05/2017 11:45;3;345;0;16/09/2020 12:38;Dart;0;0;-
BVLC/caffe;30844;12/09/2013 18:39;7;1087;14;16/09/2020 11:33;C++;3869;4727;81.85
blueimp/jQuery-File-Upload;30814;01/12/2010 15:35;9;115;0;16/09/2020 06:11;PHP;3204;3252;98.52
alvarotrigo/fullPage.js;30793;20/09/2013 11:58;6;261;67;16/09/2020 11:04;JavaScript;3404;3554;95.78
sahat/hackathon-starter;30762;13/11/2013 17:24;6;292;13;16/09/2020 09:44;JavaScript;558;574;97.21
traefik/traefik;30739;13/09/2015 19:04;5;2774;306;16/09/2020 10:33;Go;3500;4033;86.78
tiimgreen/github-cheat-sheet;30711;12/04/2014 16:38;6;125;0;16/09/2020 10:13;None;40;43;93.02
pixijs/pixi.js;30597;21/01/2013 22:40;7;1905;113;16/09/2020 13:13;TypeScript;4128;4199;98.31
florinpop17/app-ideas;30503;25/02/2019 18:36;1;149;0;16/09/2020 13:13;None;27;35;77.14
XX-net/XX-Net;30318;15/01/2015 09:35;5;359;307;16/09/2020 09:21;Python;5048;12660;39.87
shadowsocks/shadowsocks-android;30240;16/12/2012 13:40;7;228;167;16/09/2020 09:17;Kotlin;2190;2207;99.23
immutable-js/immutable-js;30204;02/07/2014 06:02;6;379;57;16/09/2020 12:46;JavaScript;1023;1172;87.29
nuxt/nuxt.js;30185;26/10/2016 11:18;3;1981;134;16/09/2020 12:07;JavaScript;5159;5506;93.70
Trinea/android-open-project;30173;05/01/2014 15:20;6;201;0;16/09/2020 09:50;None;68;80;85.00
nestjs/nest;30169;04/02/2017 20:12;3;2047;53;16/09/2020 12:44;TypeScript;2767;2856;96.88
Avik-Jain/100-Days-Of-ML-Code;30121;05/07/2018 09:11;2;6;0;16/09/2020 13:10;None;0;0;-
apache/incubator-superset;30084;21/07/2015 18:55;5;4739;14;16/09/2020 11:46;Python;4620;4897;94.34
caddyserver/caddy;30033;13/01/2015 19:45;5;1043;74;16/09/2020 12:16;Go;2283;2355;96.94
TheAlgorithms/Java;29979;16/07/2016 10:21;4;458;0;16/09/2020 12:47;Java;164;216;75.93
koajs/koa;29892;20/07/2013 18:53;7;391;0;16/09/2020 10:58;JavaScript;782;798;97.99
chinese-poetry/chinese-poetry;29882;02/09/2016 03:32;4;81;1;16/09/2020 10:16;JavaScript;74;126;58.73
bumptech/glide;29874;08/07/2013 22:52;7;347;35;16/09/2020 11:23;Java;3660;3805;96.19
DefinitelyTyped/DefinitelyTyped;29856;05/10/2012 16:39;7;34009;1;16/09/2020 13:11;TypeScript;3432;6851;50.09
fastlane/fastlane;29766;02/12/2014 17:00;5;5159;458;16/09/2020 12:41;Ruby;10779;10907;98.83
airbnb/lottie-android;29683;06/10/2016 22:42;3;380;26;16/09/2020 11:54;Java;1135;1174;96.68
exacity/deeplearningbook-chinese;29604;07/12/2016 11:46;3;16;7;16/09/2020 12:26;TeX;132;182;72.53
videojs/video.js;29458;14/05/2010 18:45;10;1300;219;16/09/2020 11:37;JavaScript;3935;4158;94.64
huginn/huginn;29431;10/03/2013 06:00;7;892;0;16/09/2020 12:10;Ruby;1342;1742;77.04
JuliaLang/julia;29310;21/04/2011 07:01;9;15114;92;16/09/2020 12:34;Julia;15390;18491;83.23
zenorocha/clipboard.js;29209;18/09/2015 23:04;4;67;37;16/09/2020 12:53;JavaScript;527;541;97.41
kamranahmedse/design-patterns-for-humans;29169;16/02/2017 21:24;3;47;0;16/09/2020 12:24;None;42;49;85.71
iamkun/dayjs;28989;10/04/2018 09:26;2;445;86;16/09/2020 13:00;JavaScript;405;484;83.68
strapi/strapi;28988;30/09/2015 15:34;4;2534;146;16/09/2020 10:12;JavaScript;3814;4046;94.27
Leaflet/Leaflet;28949;22/09/2010 16:57;9;2085;22;16/09/2020 11:26;JavaScript;3957;4372;90.51
0voice/interview_internal_reference;28867;10/06/2019 06:54;1;35;0;16/09/2020 12:27;Python;18;38;47.37
foundation/foundation-sites;28766;13/10/2011 23:05;8;2913;71;16/09/2020 12:16;HTML;7737;8011;96.58
testerSunshine/12306;28679;17/05/2017 12:23;3;31;1;16/09/2020 12:06;Python;455;637;71.43
isocpp/CppCoreGuidelines;28495;19/08/2015 20:22;5;656;4;16/09/2020 11:40;Python;683;827;82.59
shadowsocks/ShadowsocksX-NG;28431;10/06/2016 11:49;4;58;26;16/09/2020 09:01;Swift;990;1216;81.41
tldr-pages/tldr;28392;08/12/2013 07:34;6;3246;0;16/09/2020 13:00;Shell;477;550;86.73
floodsung/Deep-Learning-Papers-Reading-Roadmap;28330;14/10/2016 11:49;3;22;0;16/09/2020 13:04;Python;3;41;7.32
RocketChat/Rocket.Chat;28275;19/05/2015 07:36;5;5913;400;16/09/2020 12:39;JavaScript;9575;11482;83.39
php/php-src;28215;16/06/2011 01:52;9;636;0;16/09/2020 12:42;C;0;0;-
photonstorm/phaser;28143;12/04/2013 12:27;7;1309;100;16/09/2020 12:52;JavaScript;3232;3351;96.45
jondot/awesome-react-native;28068;26/03/2015 19:58;5;864;0;16/09/2020 12:49;JavaScript;33;54;61.11
Blankj/AndroidUtilCode;27898;30/07/2016 18:18;4;68;115;16/09/2020 12:28;Java;1106;1145;96.59
ariya/phantomjs;27867;27/12/2010 08:18;9;562;0;16/09/2020 13:02;C++;4696;4719;99.51
lukehoban/es6features;27829;03/03/2014 18:29;6;41;0;16/09/2020 12:07;None;36;55;65.45
Homebrew/legacy-homebrew;27680;20/05/2009 19:38;11;222;0;13/09/2020 22:21;None;17038;17038;100.00
jashkenas/backbone;27664;30/09/2010 19:41;9;851;0;16/09/2020 08:24;JavaScript;2329;2385;97.65
quilljs/quill;27621;30/07/2012 23:23;8;200;82;16/09/2020 12:07;JavaScript;1823;2703;67.44
dypsilon/frontend-dev-bookmarks;27620;22/06/2013 13:23;7;129;1;16/09/2020 07:30;None;77;93;82.80
vuetifyjs/vuetify;27565;12/09/2016 00:39;4;2328;358;16/09/2020 11:54;TypeScript;7751;9031;85.83
grpc/grpc;27555;08/12/2014 18:58;5;12123;154;16/09/2020 11:52;C++;8415;8882;94.74
apache/spark;27476;25/02/2014 08:00;6;4;0;16/09/2020 13:03;Scala;0;0;-
tailwindlabs/tailwindcss;27473;06/10/2017 14:59;2;714;100;16/09/2020 12:46;CSS;943;947;99.58
fffaraz/awesome-cpp;27327;17/07/2014 08:51;6;407;0;16/09/2020 10:02;None;152;469;32.41
joshbuchea/HEAD;27321;20/04/2016 20:05;4;83;0;16/09/2020 07:22;None;71;82;86.59
bilibili/ijkplayer;27302;03/06/2013 04:12;7;29;0;16/09/2020 12:07;C;2428;4891;49.64
binhnguyennus/awesome-scalability;27300;27/12/2017 03:46;2;22;0;16/09/2020 10:51;None;0;0;-
open-guides/og-aws;27283;13/07/2016 17:30;4;474;0;16/09/2020 06:16;Shell;79;202;39.11
alex/what-happens-when;27168;07/11/2013 04:30;6;105;0;16/09/2020 13:00;None;19;100;19.00
certbot/certbot;27167;12/11/2014 02:52;5;3003;10;16/09/2020 08:31;Python;4056;4524;89.66
preactjs/preact;27135;11/09/2015 02:40;5;939;135;16/09/2020 12:53;JavaScript;1170;1281;91.33
xitu/gold-miner;27111;04/11/2015 03:29;4;2588;0;16/09/2020 10:31;None;4510;4552;99.08
codepath/android_guides;26967;19/06/2013 10:24;7;9;0;16/09/2020 11:12;None;211;365;57.81
NervJS/taro;26911;08/04/2018 09:32;2;1102;42;16/09/2020 11:39;JavaScript;5395;6065;88.95
Kong/kong;26879;17/11/2014 23:56;5;2174;90;16/09/2020 12:08;Lua;2793;3155;88.53
apachecn/AiLearning;26867;25/02/2017 08:53;3;461;2;16/09/2020 13:10;Python;58;93;62.37
tastejs/todomvc;26851;03/06/2011 19:56;9;714;5;16/09/2020 03:26;JavaScript;618;738;83.74
danielmiessler/SecLists;26792;19/02/2012 01:30;8;294;10;16/09/2020 10:32;PHP;117;128;91.41
ethereum/go-ethereum;26742;26/12/2013 13:05;6;4045;134;16/09/2020 11:17;Go;4842;5010;96.65
caolan/async;26720;01/06/2010 21:01;10;410;7;16/09/2020 08:55;JavaScript;1054;1057;99.72
bayandin/awesome-awesomeness;26578;08/07/2014 05:44;6;173;0;16/09/2020 13:16;Ruby;49;56;87.50
pandas-dev/pandas;26538;24/08/2010 01:37;10;12916;64;16/09/2020 12:03;Python;15434;18868;81.80
ant-design/ant-design-pro;26487;25/08/2017 10:40;3;796;19;16/09/2020 11:45;TypeScript;6020;6082;98.98
localstack/localstack;26356;25/10/2016 23:48;3;1035;17;16/09/2020 12:48;Python;1609;1851;86.93
vuejs/vue-cli;26331;26/12/2015 23:11;4;1012;135;16/09/2020 11:17;JavaScript;3984;4497;88.59
react-boilerplate/react-boilerplate;26289;18/02/2015 14:36;5;715;16;16/09/2020 11:10;JavaScript;1784;1817;98.18
wg/wrk;26205;20/03/2012 11:12;8;0;0;16/09/2020 12:16;C;225;322;69.88
zxing/zxing;26187;12/10/2011 14:07;8;157;26;16/09/2020 08:10;Java;1011;1018;99.31
akullpp/awesome-java;26098;09/07/2014 10:12;6;548;0;16/09/2020 12:57;None;97;101;96.04
getsentry/sentry;26073;30/08/2010 22:06;10;14935;60;16/09/2020 12:32;Python;3173;4165;76.18
kenwheeler/slick;26046;24/03/2014 02:10;6;235;48;16/09/2020 12:49;JavaScript;2333;3364;69.35
faif/python-patterns;25843;06/06/2012 21:02;8;234;0;16/09/2020 11:10;Python;56;66;84.85
yangshun/front-end-interview-handbook;25825;13/01/2018 19:40;2;163;0;16/09/2020 09:32;JavaScript;46;59;77.97
ngosang/trackerslist;25752;24/04/2016 11:57;4;1;0;16/09/2020 09:08;None;229;232;98.71
FiloSottile/mkcert;25715;25/06/2018 05:33;2;42;11;16/09/2020 12:59;Go;139;187;74.33
shengxinjing/programmer-job-blacklist;25661;25/06/2016 06:09;4;16;0;16/09/2020 12:44;Shell;170;294;57.82
Alvin9999/new-pac;25573;23/03/2016 08:43;4;0;0;16/09/2020 09:49;None;734;958;76.62
proxyee-down-org/proxyee-down;25558;25/10/2017 10:07;2;16;49;16/09/2020 12:45;Java;0;0;-
jashkenas/underscore;25526;25/10/2009 18:31;10;711;0;15/09/2020 13:34;JavaScript;1338;1367;97.88
dcloudio/uni-app;25489;12/07/2018 08:52;2;133;0;16/09/2020 13:06;JavaScript;1382;1936;71.38
jakevdp/PythonDataScienceHandbook;25475;10/08/2016 14:24;4;28;0;16/09/2020 12:55;Jupyter Notebook;47;120;39.17
aosabook/500lines;25467;04/11/2013 02:02;6;175;0;16/09/2020 13:10;JavaScript;37;63;58.73
JakeWharton/butterknife;25448;05/03/2013 08:18;7;346;0;16/09/2020 11:28;Java;1042;1134;91.89
google/styleguide;25391;20/05/2015 19:18;5;118;0;16/09/2020 11:17;HTML;87;241;36.10
3b1b/manim;25386;22/03/2015 18:50;5;348;0;16/09/2020 12:10;Python;454;701;64.76
carbon-app/carbon;25281;16/06/2017 02:50;3;505;186;16/09/2020 13:01;JavaScript;453;473;95.77
square/leakcanary;25257;29/04/2015 23:54;5;634;24;16/09/2020 11:28;Kotlin;1134;1177;96.35
dylanaraps/pure-bash-bible;25256;13/06/2018 01:39;2;26;0;16/09/2020 13:09;Shell;26;48;54.17
crossoverJie/JCSprout;25234;17/12/2017 09:06;2;69;0;16/09/2020 10:36;Java;59;89;66.29
alacritty/alacritty;25229;18/02/2016 05:02;4;1067;40;16/09/2020 12:08;Rust;2506;2865;87.47
pingcap/tidb;25080;06/09/2015 04:01;5;12411;109;16/09/2020 12:20;Go;4064;5691;71.41
Marak/faker.js;25074;15/05/2010 00:53;10;250;0;16/09/2020 12:33;JavaScript;309;474;65.19
pi-hole/pi-hole;25005;08/06/2014 15:02;6;1129;61;16/09/2020 09:58;Shell;1858;2028;91.62
Tencent/weui;24983;18/12/2014 04:09;5;165;19;16/09/2020 10:26;CSS;598;623;95.99
kon9chunkit/GitHub-Chinese-Top-Charts;24966;05/09/2019 03:01;1;0;0;16/09/2020 12:32;Java;41;114;35.96
google-research/bert;24872;25/10/2018 22:57;1;32;0;16/09/2020 12:49;Python;317;976;32.48
astaxie/beego;24870;29/02/2012 02:32;8;866;6;16/09/2020 11:15;Go;2088;2799;74.60
iina/iina;24832;19/12/2016 07:18;3;370;33;16/09/2020 11:30;Swift;1564;2454;63.73
request/request;24802;23/01/2011 01:25;9;650;0;16/09/2020 03:02;JavaScript;2043;2174;93.97
nolimits4web/swiper;24778;14/03/2012 19:11;8;252;0;16/09/2020 12:17;JavaScript;3214;3383;95.00
madewithml/basics;24773;05/11/2018 03:44;1;138;0;16/09/2020 06:59;Jupyter Notebook;19;19;100.00
vuejs/vuex;24740;16/07/2015 04:21;5;583;43;16/09/2020 12:04;JavaScript;998;1035;96.43
dkhamsing/open-source-ios-apps;24727;26/01/2015 23:32;5;574;34;16/09/2020 10:06;Swift;214;214;100.00
netty/netty;24724;09/11/2010 09:22;9;1557;0;16/09/2020 13:16;Java;4794;5188;92.41
fzaninotto/Faker;24677;14/10/2011 22:49;8;795;11;16/09/2020 12:58;PHP;490;562;87.19
jiahaog/nativefier;24663;05/07/2015 05:56;5;143;42;16/09/2020 13:17;TypeScript;672;849;79.15
select2/select2;24635;04/03/2012 18:43;8;664;28;16/09/2020 09:29;JavaScript;4478;4518;99.11
formium/formik;24587;14/06/2017 19:50;3;640;133;16/09/2020 12:53;TypeScript;1141;1752;65.13
nylas/nylas-mail;24545;16/10/2014 18:29;5;139;53;15/09/2020 17:56;JavaScript;2420;3421;70.74
Modernizr/Modernizr;24529;25/09/2009 20:13;10;760;18;16/09/2020 13:06;JavaScript;1279;1435;89.13
lerna/lerna;24492;04/12/2015 09:36;4;579;168;16/09/2020 13:14;JavaScript;1421;1883;75.46
fighting41love/funNLP;24459;21/08/2018 11:20;2;9;0;16/09/2020 13:08;Python;26;32;81.25
houshanren/hangzhou_house_knowledge;24360;24/02/2018 01:54;2;4;0;16/09/2020 11:55;CSS;0;0;-
standard/standard;24305;27/01/2015 01:23;5;293;4;16/09/2020 06:52;JavaScript;968;1094;88.48
nvie/gitflow;24294;20/01/2010 23:14;10;36;0;16/09/2020 11:09;Shell;117;336;34.82
ZuzooVn/machine-learning-for-software-engineers;24243;09/10/2016 21:20;3;53;0;16/09/2020 08:07;None;3;16;18.75
istio/istio;24235;18/11/2016 23:57;3;11890;159;16/09/2020 12:57;Go;10201;11212;90.98
johnpapa/angular-styleguide;24167;29/07/2014 00:07;6;331;0;15/09/2020 15:10;None;361;424;85.14
ziadoz/awesome-php;24151;26/11/2013 03:14;6;363;0;16/09/2020 12:02;None;107;110;97.27
fxsjy/jieba;24105;29/09/2012 07:52;7;96;9;16/09/2020 11:48;Python;193;720;26.81
CSSEGISandData/COVID-19;24072;04/02/2020 22:03;0;133;0;16/09/2020 08:26;None;1194;2506;47.65
rethinkdb/rethinkdb;24016;30/10/2012 05:37;7;378;69;16/09/2020 12:48;C++;4894;6277;77.97
mathiasbynens/dotfiles;23991;05/09/2011 18:07;9;44;0;16/09/2020 10:50;Shell;232;359;64.62
github/fetch;23984;13/10/2014 00:26;5;136;34;16/09/2020 11:36;JavaScript;519;520;99.81
herrbischoff/awesome-macos-command-line;23893;22/09/2015 19:37;4;100;0;16/09/2020 11:10;None;0;0;-
symfony/symfony;23889;04/01/2010 14:21;10;14981;252;16/09/2020 12:39;PHP;13798;14596;94.53
minio/minio;23854;14/01/2015 19:23;5;5319;191;16/09/2020 10:17;Go;4391;4420;99.34
freeCodeCamp/devdocs;23842;24/10/2013 18:16;6;129;0;16/09/2020 08:45;Ruby;725;848;85.50
composer/composer;23796;08/06/2011 08:53;9;2068;86;16/09/2020 12:58;PHP;5781;6142;94.12
angular/angular-cli;23764;04/06/2015 19:49;5;4836;313;16/09/2020 12:49;TypeScript;11624;12079;96.23
hashicorp/terraform;23748;13/03/2014 22:25;6;8437;128;16/09/2020 12:45;Go;14301;15580;91.79
brillout/awesome-react-components;23734;24/06/2016 15:19;4;162;0;16/09/2020 10:41;None;36;36;100.00
facebookresearch/Detectron;23650;05/10/2017 17:32;2;0;0;16/09/2020 12:46;Python;605;892;67.83
ryanoasis/nerd-fonts;23642;05/12/2014 04:31;5;112;20;16/09/2020 13:10;CSS;230;387;59.43
ityouknow/spring-boot-examples;23594;05/11/2016 05:32;3;5;0;16/09/2020 08:24;Java;95;97;97.94
raywenderlich/swift-algorithm-club;23563;26/01/2016 17:56;4;605;0;16/09/2020 10:27;Swift;176;189;93.12
ocornut/imgui;23536;21/07/2014 14:29;6;247;67;16/09/2020 10:45;C++;2310;2733;84.52
iview/iview;23515;28/07/2016 01:52;4;526;85;16/09/2020 11:15;Vue;4451;5476;81.28
hoppscotch/hoppscotch;23508;21/08/2019 13:15;1;595;8;16/09/2020 13:14;Vue;381;406;93.84
date-fns/date-fns;23503;06/10/2014 10:24;5;660;82;16/09/2020 12:34;JavaScript;809;1002;80.74
serhii-londar/open-source-mac-os-apps;23417;03/11/2017 02:35;2;375;0;16/09/2020 07:56;Swift;119;139;85.61
skylot/jadx;23379;18/03/2013 17:08;7;216;13;16/09/2020 11:21;Java;587;713;82.33
rclone/rclone;23349;16/03/2014 16:19;6;759;70;16/09/2020 12:41;Go;2819;3468;81.29
danielgindi/Charts;23301;20/03/2015 10:49;5;370;31;16/09/2020 11:33;Swift;3162;3708;85.28
markedjs/marked;23276;24/07/2011 13:15;9;369;23;16/09/2020 08:22;JavaScript;960;1041;92.22
IanLunn/Hover;23261;02/01/2014 14:27;6;22;10;16/09/2020 11:46;CSS;80;97;82.47
alibaba/p3c;23173;23/06/2017 06:15;3;54;0;16/09/2020 12:27;Kotlin;585;648;90.28
postcss/postcss;23149;24/09/2013 23:06;6;583;156;16/09/2020 11:30;TypeScript;667;675;98.81
cypress-io/cypress;23098;04/03/2015 00:46;5;1742;215;16/09/2020 13:16;JavaScript;5000;6264;79.82
transloadit/uppy;23062;16/11/2015 12:32;4;1166;24;16/09/2020 13:08;JavaScript;1120;1247;89.82
SDWebImage/SDWebImage;23006;21/09/2009 17:39;10;742;90;16/09/2020 11:08;Objective-C;1917;1941;98.76
Homebrew/brew;23002;06/03/2016 05:08;4;5160;159;16/09/2020 12:32;Ruby;2673;2686;99.52
alibaba/arthas;23001;29/08/2018 17:15;2;289;25;16/09/2020 08:10;Java;948;1057;89.69
elsewhencode/project-guidelines;22986;30/06/2017 10:17;3;103;0;16/09/2020 09:45;JavaScript;24;36;66.67
unknwon/the-way-to-go_ZH_CN;22971;24/03/2013 17:18;7;531;0;16/09/2020 12:31;Go;0;0;-
CodeHubApp/CodeHub;22946;23/07/2013 22:19;7;13;4;16/09/2020 08:11;C#;398;626;63.58
MunGell/awesome-for-beginners;22942;24/10/2015 19:53;4;270;0;16/09/2020 12:33;None;59;59;100.00
kelseyhightower/kubernetes-the-hard-way;22926;07/07/2016 14:15;4;68;0;16/09/2020 12:27;None;273;308;88.64
ReactiveX/rxjs;22901;15/03/2015 06:17;5;1868;0;16/09/2020 13:16;TypeScript;2388;2702;88.38
GitbookIO/gitbook;22883;31/03/2014 03:01;6;214;0;16/09/2020 04:26;JavaScript;0;0;-
agalwood/Motrix;22844;18/12/2018 11:45;1;100;10;16/09/2020 09:38;JavaScript;405;664;60.99
greenrobot/EventBus;22844;16/07/2012 16:55;8;29;5;16/09/2020 06:57;Java;433;528;82.01
eugenp/tutorials;22833;29/04/2013 18:26;7;6837;0;16/09/2020 12:06;Java;394;413;95.40
sequelize/sequelize;22820;22/07/2010 07:11;10;2664;347;16/09/2020 10:48;JavaScript;7937;8850;89.68
lib-pku/libpku;22815;22/11/2018 13:33;1;22;0;16/09/2020 05:27;TeX;30;33;90.91
SheetJS/sheetjs;22714;03/12/2012 19:25;7;74;0;16/09/2020 13:16;JavaScript;1460;1818;80.31
lydiahallie/javascript-questions;22703;12/06/2019 08:26;1;192;0;16/09/2020 08:09;None;109;125;87.20
sharkdp/bat;22671;21/04/2018 10:52;2;461;26;16/09/2020 13:15;Rust;595;657;90.56
amix/vimrc;22650;29/05/2012 16:19;8;72;0;16/09/2020 13:04;Vim script;413;420;98.33
webtorrent/webtorrent;22583;15/10/2013 08:16;6;400;0;16/09/2020 07:24;JavaScript;1190;1351;88.08
cheeriojs/cheerio;22570;09/10/2011 04:23;8;322;2;16/09/2020 10:13;JavaScript;745;949;78.50
geekcompany/ResumeSample;22517;08/09/2014 08:08;6;2;0;16/09/2020 11:05;None;0;0;-
VincentGarreau/particles.js;22506;06/09/2014 14:29;6;21;6;16/09/2020 13:09;JavaScript;78;343;22.74
mobxjs/mobx;22435;14/03/2015 14:31;5;748;2;16/09/2020 08:07;JavaScript;1548;1557;99.42
sentsin/layui;22399;22/09/2015 08:12;4;31;39;16/09/2020 12:47;JavaScript;81;536;15.11
alibaba/fastjson;22373;03/11/2011 06:58;8;353;79;16/09/2020 08:33;Java;1432;2827;50.65
gitlabhq/gitlabhq;22337;02/10/2011 16:25;8;2227;0;16/09/2020 12:11;Ruby;0;0;-
ctripcorp/apollo;22260;04/03/2016 10:24;4;923;27;16/09/2020 09:39;Java;2020;2193;92.11
metabase/metabase;22198;02/02/2015 19:25;5;4835;122;16/09/2020 13:08;Clojure;5849;7598;76.98
alibaba/druid;22186;03/11/2011 05:12;8;882;35;16/09/2020 12:17;Java;1115;2895;38.51
NationalSecurityAgency/ghidra;22179;01/03/2019 03:27;1;160;0;16/09/2020 10:13;Java;1017;1822;55.82
harvesthq/chosen;22157;18/04/2011 15:07;9;309;34;16/09/2020 04:37;HTML;2107;2339;90.08
openai/gym;22156;27/04/2016 14:59;4;551;5;16/09/2020 12:26;Python;1048;1194;87.77
wagoodman/dive;22143;13/05/2018 15:44;2;106;23;16/09/2020 13:09;Go;138;200;69.00
PowerShell/PowerShell;22105;13/01/2016 23:41;4;4386;80;16/09/2020 12:33;C#;5479;8081;67.80
laravel/framework;22068;10/01/2013 21:27;7;10116;292;16/09/2020 12:58;PHP;14055;14068;99.91
ajaxorg/ace;22049;27/10/2010 10:43;9;1354;0;16/09/2020 09:04;JavaScript;1857;2545;72.97
naptha/tesseract.js;22038;24/06/2015 02:49;5;74;31;16/09/2020 09:34;JavaScript;347;388;89.43
alibaba/flutter-go;22000;08/01/2019 09:03;1;158;4;16/09/2020 08:54;Dart;173;359;48.19
formulahendry/955.WLB;21986;27/03/2019 23:53;1;15;0;16/09/2020 12:08;None;60;193;31.09
airbnb/lottie-web;21973;20/02/2015 21:02;5;78;0;16/09/2020 09:43;JavaScript;1625;2161;75.20
terryum/awesome-deep-learning-papers;21951;03/06/2016 06:48;4;39;0;16/09/2020 08:31;TeX;11;25;44.00
tabler/tabler;21927;01/02/2018 09:08;2;151;7;16/09/2020 12:10;HTML;260;332;78.31
tootsuite/mastodon;21825;22/02/2016 15:01;4;7751;144;16/09/2020 08:19;Ruby;4040;5709;70.77
ycm-core/YouCompleteMe;21818;16/04/2012 03:12;8;649;0;16/09/2020 05:37;Python;2887;2913;99.11
CamDavidsonPilon/Probabilistic-Programming-and-Bayesian-Methods-for-Hackers;21763;14/01/2013 15:46;7;235;0;16/09/2020 09:17;Jupyter Notebook;86;216;39.81
obsproject/obs-studio;21752;01/10/2013 02:40;6;1595;119;16/09/2020 10:43;C;529;717;73.78
drone/drone;21730;07/02/2014 07:54;6;836;0;16/09/2020 09:59;Go;1697;1728;98.21
0xAX/linux-insides;21702;03/01/2015 18:44;5;502;0;16/09/2020 08:13;Python;122;158;77.22
hammerjs/hammer.js;21701;02/03/2012 12:58;8;114;0;16/09/2020 08:05;JavaScript;755;1014;74.46
gorhill/uBlock;21699;01/04/2015 17:51;5;122;169;16/09/2020 11:34;JavaScript;3377;3445;98.03
google/leveldb;21694;27/08/2014 21:17;6;29;20;16/09/2020 10:30;C++;478;591;80.88
VundleVim/Vundle.vim;21655;17/10/2010 23:17;9;86;0;16/09/2020 12:32;Vim script;537;693;77.49
facebookresearch/fastText;21642;16/07/2016 13:38;4;7;4;16/09/2020 06:30;HTML;585;906;64.57
rstacruz/nprogress;21612;20/08/2013 13:58;7;34;7;16/09/2020 12:21;JavaScript;47;134;35.07
StreisandEffect/streisand;21600;23/03/2014 21:56;6;527;0;15/09/2020 18:53;Shell;926;1120;82.68
realpython/python-guide;21589;15/03/2011 03:24;9;659;0;16/09/2020 12:14;Batchfile;167;248;67.34
BurntSushi/ripgrep;21577;11/03/2016 02:02;4;374;65;16/09/2020 09:57;Rust;1054;1114;94.61
niklasvh/html2canvas;21567;16/07/2011 01:05;9;117;28;16/09/2020 11:48;TypeScript;1334;1999;66.73
microsoft/monaco-editor;21556;07/06/2016 16:56;4;80;0;16/09/2020 11:21;JavaScript;1513;1943;77.87
emberjs/ember.js;21545;25/05/2011 23:39;9;7251;346;16/09/2020 11:08;JavaScript;6045;6317;95.69
rapid7/metasploit-framework;21537;30/08/2011 06:13;9;8020;0;16/09/2020 12:47;Ruby;3363;4131;81.41
balderdashy/sails;21531;18/03/2012 19:46;8;505;39;16/09/2020 07:10;JavaScript;5785;6169;93.78
satwikkansal/wtfpython;21521;28/08/2017 20:22;3;73;2;16/09/2020 11:24;Python;94;120;78.33
scwang90/SmartRefreshLayout;21474;02/06/2017 09:52;3;6;8;16/09/2020 11:05;Java;1127;1219;92.45
cmderdev/cmder;21471;09/07/2013 07:44;7;315;27;16/09/2020 11:24;C++;1911;1920;99.53
Automattic/mongoose;21470;06/04/2010 21:39;10;1172;5;16/09/2020 13:08;JavaScript;7451;7772;95.87
Polymer/polymer;21452;23/08/2012 20:56;8;1061;115;16/09/2020 12:19;HTML;3643;3894;93.55
vim/vim;21333;18/08/2015 21:03;5;3;0;16/09/2020 12:19;Vim script;3253;4225;76.99
koalaman/shellcheck;21324;17/11/2012 03:15;7;222;25;16/09/2020 09:38;Haskell;1174;1770;66.33
akveo/ngx-admin;21308;25/05/2016 10:09;4;297;16;16/09/2020 12:20;TypeScript;1275;1593;80.04
remy/nodemon;21228;03/10/2010 12:50;9;259;70;16/09/2020 12:33;JavaScript;1318;1327;99.32
go-gitea/gitea;21219;01/11/2016 02:13;3;5864;97;16/09/2020 12:40;Go;4732;6008;78.76
FFmpeg/FFmpeg;21177;14/04/2011 14:12;9;15;11;16/09/2020 12:58;C;0;0;-
heartcombo/devise;21099;16/09/2009 12:15;10;730;14;16/09/2020 06:06;Ruby;3907;3979;98.19
codemirror/CodeMirror;21099;14/01/2011 13:44;9;418;134;16/09/2020 08:24;JavaScript;3395;3758;90.34
pure-css/pure;21068;22/04/2013 16:16;7;137;19;16/09/2020 07:38;JavaScript;541;545;99.27
fouber/blog;21064;25/04/2014 09:44;6;1;0;16/09/2020 11:00;None;2;13;15.38
ageron/handson-ml;21029;16/02/2016 19:48;4;46;0;16/09/2020 12:58;Jupyter Notebook;397;507;78.30
sorrycc/awesome-javascript;20985;01/07/2014 15:59;6;301;0;16/09/2020 09:52;None;55;73;75.34
tiangolo/fastapi;20974;08/12/2018 08:21;1;449;96;16/09/2020 12:14;Python;1082;1378;78.52
t4t5/sweetalert;20969;30/09/2014 11:12;5;82;13;15/09/2020 14:43;TypeScript;539;665;81.05
pypa/pipenv;20963;20/01/2017 00:44;3;979;12;16/09/2020 08:12;Python;2760;3184;86.68
SortableJS/Sortable;20948;19/12/2013 10:10;6;224;21;16/09/2020 12:48;JavaScript;1195;1469;81.35
facebook/flow;20920;28/10/2014 17:17;5;158;183;16/09/2020 10:16;OCaml;3949;6364;62.05
JedWatson/react-select;20918;26/08/2014 04:27;6;821;12;16/09/2020 13:15;JavaScript;2509;2802;89.54
aria2/aria2;20914;27/11/2010 09:41;9;194;22;16/09/2020 12:16;C++;664;1399;47.46
ggreer/the_silver_searcher;20869;19/11/2011 19:50;8;398;0;16/09/2020 13:18;C;394;756;52.12
typeorm/typeorm;20864;29/02/2016 07:41;4;1036;0;16/09/2020 12:12;TypeScript;3215;5246;61.28
redux-saga/redux-saga;20847;29/11/2015 16:58;4;624;50;16/09/2020 11:42;JavaScript;1181;1358;86.97
littlecodersh/ItChat;20810;19/01/2016 07:49;4;29;13;16/09/2020 06:44;Python;595;811;73.37
kahun/awesome-sysadmin;20793;09/02/2014 22:39;6;183;0;16/09/2020 08:55;None;21;97;21.65
donnemartin/interactive-coding-challenges;20790;28/04/2015 21:36;5;176;0;16/09/2020 10:40;Python;29;54;53.70
CymChad/BaseRecyclerViewAdapterHelper;20729;10/04/2016 07:40;4;190;191;16/09/2020 11:04;Java;2821;3061;92.16
go-gorm/gorm;20723;25/10/2013 08:31;6;353;1;16/09/2020 13:17;Go;2836;2842;99.79
hankcs/HanLP;20713;09/10/2014 06:36;5;62;50;16/09/2020 09:50;Python;1244;1256;99.04
GoogleChrome/lighthouse;20712;08/03/2016 01:03;4;3293;59;16/09/2020 11:30;JavaScript;6687;7149;93.54
atlassian/react-beautiful-dnd;20712;09/08/2017 03:37;3;470;66;16/09/2020 11:15;JavaScript;861;1131;76.13
pyenv/pyenv;20693;31/08/2012 06:57;8;419;28;16/09/2020 12:52;Shell;924;1132;81.63
docker/compose;20678;09/12/2013 11:40;6;1921;137;16/09/2020 09:25;Python;4688;5073;92.41
Tencent/wepy;20655;14/11/2016 08:06;3;424;8;16/09/2020 04:35;JavaScript;1762;2082;84.63
syl20bnr/spacemacs;20605;17/12/2012 21:34;7;726;158;16/09/2020 13:09;Emacs Lisp;6843;7530;90.88
hashicorp/vagrant;20603;21/01/2010 08:34;10;2278;0;16/09/2020 13:11;Ruby;8212;8588;95.62
junegunn/vim-plug;20495;10/09/2013 14:58;7;151;4;16/09/2020 12:36;Vim script;748;785;95.29
ovity/octotree;20493;09/05/2014 18:15;6;249;0;16/09/2020 13:10;None;570;614;92.83
Advanced-Frontend/Daily-Interview-Question;20477;19/01/2019 10:49;1;14;0;16/09/2020 12:13;JavaScript;234;394;59.39
goabstract/Awesome-Design-Tools;20449;12/02/2019 13:55;1;282;0;16/09/2020 08:40;JavaScript;25;25;100.00
airbnb/lottie-ios;20360;06/10/2016 22:38;3;308;39;16/09/2020 10:41;Swift;689;855;80.58
dimsemenov/PhotoSwipe;20357;07/04/2011 05:46;9;49;11;16/09/2020 07:43;JavaScript;1025;1534;66.82
kriasoft/react-starter-kit;20347;16/04/2014 13:08;6;482;5;15/09/2020 16:58;JavaScript;715;1156;61.85
sindresorhus/awesome-electron;20333;23/04/2015 11:48;5;236;0;16/09/2020 11:42;None;35;44;79.55
jgm/pandoc;20297;20/03/2010 20:34;10;1040;81;16/09/2020 11:20;Haskell;4610;5251;87.79
typicode/husky;20293;23/06/2014 12:14;6;139;34;16/09/2020 11:52;JavaScript;376;522;72.03
angular/components;20293;04/01/2016 18:50;4;7549;153;16/09/2020 09:47;TypeScript;9694;11453;84.64
nlohmann/json;20283;04/07/2013 08:47;7;397;34;16/09/2020 11:04;C++;1719;1737;98.96
Netflix/Hystrix;20282;19/11/2012 20:14;7;672;79;16/09/2020 10:57;Java;671;1003;66.90
github/hub;20244;05/12/2009 22:15;10;393;60;16/09/2020 10:30;Go;1561;1757;88.84
mbeaudru/modern-js-cheatsheet;20199;18/09/2017 14:56;2;80;0;16/09/2020 04:15;None;36;42;85.71
FezVrasta/bootstrap-material-design;20192;18/08/2014 11:54;6;193;28;16/09/2020 09:27;CSS;1034;1090;94.86
microsoft/calculator;20190;28/01/2019 17:55;1;566;0;16/09/2020 10:54;C++;500;648;77.16
powerline/fonts;20175;19/12/2012 13:31;7;72;1;16/09/2020 11:58;Shell;83;226;36.73
hashicorp/consul;20158;04/11/2013 22:15;6;4002;17;16/09/2020 07:47;Go;3310;3950;83.80
google/iosched;20118;01/04/2014 22:40;6;57;2;16/09/2020 09:02;Kotlin;171;206;83.01
alebcay/awesome-shell;20026;07/07/2014 01:57;6;280;0;16/09/2020 10:14;None;17;38;44.74
bevacqua/dragula;20025;13/04/2015 21:35;5;57;0;16/09/2020 03:39;JavaScript;290;476;60.92
reduxjs/react-redux;20007;11/07/2015 17:32;5;356;91;16/09/2020 13:14;JavaScript;1037;1063;97.55
Meituan-Dianping/mpvue;19992;07/03/2018 03:09;2;64;19;16/09/2020 03:00;JavaScript;1262;1672;75.48
mqyqingfeng/Blog;19962;13/03/2017 10:04;3;3;0;16/09/2020 11:42;None;80;176;45.45
SwiftyJSON/SwiftyJSON;19960;18/06/2014 14:41;6;213;21;16/09/2020 01:26;Swift;559;651;85.87
bvaughn/react-virtualized;19940;03/11/2015 00:48;4;438;3;16/09/2020 13:04;JavaScript;691;1004;68.82
jobbole/awesome-python-cn;19923;03/11/2015 09:50;4;45;0;16/09/2020 10:54;Makefile;12;15;80.00
mitmproxy/mitmproxy;19888;16/02/2010 04:10;10;1519;34;16/09/2020 12:30;Python;2035;2308;88.17
MrRio/jsPDF;19884;06/12/2009 14:56;10;614;26;16/09/2020 12:05;JavaScript;1715;1824;94.02
guzzle/guzzle;19875;28/02/2011 02:44;9;779;39;16/09/2020 12:53;PHP;1402;1623;86.38
iptv-org/iptv;19873;14/11/2018 22:00;1;1227;0;16/09/2020 13:10;JavaScript;306;399;76.69
ReactiveCocoa/ReactiveCocoa;19862;02/03/2012 22:11;8;1338;78;16/09/2020 03:48;Swift;1948;1992;97.79
facebookarchive/pop;19853;30/03/2014 22:29;6;100;3;16/09/2020 12:01;Objective-C++;211;255;82.75
mochajs/mocha;19801;07/03/2011 18:44;9;1021;55;16/09/2020 08:50;JavaScript;2318;2584;89.71
dmlc/xgboost;19779;06/02/2014 17:28;6;2050;26;16/09/2020 10:00;C++;3407;3631;93.83
bradtraversy/design-resources-for-developers;19776;06/05/2020 14:40;0;403;0;16/09/2020 13:06;None;42;42;100.00
googlehosts/hosts;19765;05/08/2017 16:10;3;50;0;16/09/2020 02:38;None;338;389;86.89
iperov/DeepFaceLab;19761;04/06/2018 13:10;2;31;2;16/09/2020 12:40;Python;629;788;79.82
dokku/dokku;19731;08/06/2013 10:26;7;1805;166;16/09/2020 11:13;Shell;2023;2064;98.01
Reactive-Extensions/RxJS;19714;07/01/2012 00:31;8;520;34;16/09/2020 07:42;JavaScript;643;874;73.57
matteocrippa/awesome-swift;19705;10/07/2014 14:04;6;1305;0;16/09/2020 10:00;Swift;111;111;100.00
markerikson/react-redux-links;19702;22/01/2016 02:10;4;58;0;16/09/2020 03:20;None;22;36;61.11
SwiftGGTeam/the-swift-programming-language-in-chinese;19652;03/06/2014 04:44;6;644;1;16/09/2020 08:44;CSS;342;350;97.71
emscripten-core/emscripten;19605;12/02/2011 05:23;9;5299;0;16/09/2020 10:20;C++;4980;5701;87.35
byoungd/English-level-up-tips-for-Chinese;19598;30/05/2017 07:18;3;20;0;16/09/2020 11:25;None;43;54;79.63
railsware/upterm;19573;22/03/2015 07:00;5;293;187;15/09/2020 02:08;TypeScript;534;753;70.92
influxdata/influxdb;19557;26/09/2013 14:31;6;7710;42;16/09/2020 06:27;Go;9435;10470;90.11
pugjs/pug;19548;23/06/2010 01:05;10;492;17;16/09/2020 02:44;JavaScript;2224;2450;90.78
ColorlibHQ/gentelella;19529;15/05/2015 06:57;5;161;7;16/09/2020 09:59;HTML;608;630;96.51
usablica/intro.js;19507;10/03/2013 15:12;7;141;18;16/09/2020 11:26;HTML;372;592;62.84
donnemartin/data-science-ipython-notebooks;19486;23/01/2015 19:38;5;31;0;16/09/2020 07:02;Python;20;27;74.07
jgraph/drawio;19474;06/09/2016 12:59;4;23;446;16/09/2020 13:09;JavaScript;720;1056;68.18
BradLarson/GPUImage;19460;13/02/2012 15:20;8;241;3;16/09/2020 03:30;Objective-C;1301;2201;59.11
ramda/ramda;19456;21/06/2013 20:32;7;1193;24;16/09/2020 08:30;JavaScript;1275;1473;86.56
fastai/fastai;19440;09/09/2017 17:43;3;1245;4;16/09/2020 11:50;Jupyter Notebook;1122;1155;97.14
CorentinJ/Real-Time-Voice-Cloning;19439;26/05/2019 08:56;1;29;0;16/09/2020 12:40;Python;414;449;92.20
paularmstrong/normalizr;19436;20/08/2014 08:41;6;94;24;16/09/2020 12:42;JavaScript;265;285;92.98
tornadoweb/tornado;19421;09/09/2009 04:55;11;760;0;16/09/2020 07:00;Python;1421;1594;89.15
vapor/vapor;19394;18/01/2016 22:37;4;916;352;16/09/2020 09:07;Swift;1260;1317;95.67
julycoding/The-Art-Of-Programming-By-July;19378;14/12/2013 10:00;6;253;0;16/09/2020 06:51;C;82;127;64.57
react-native-elements/react-native-elements;19363;08/09/2016 14:21;4;759;63;16/09/2020 10:13;JavaScript;1500;1535;97.72
chubin/cheat.sh;19325;07/05/2017 21:40;3;81;0;16/09/2020 12:59;Python;69;139;49.64
nagadomi/waifu2x;19311;17/05/2015 07:29;5;63;3;16/09/2020 12:34;Lua;168;280;60.00
petkaantonov/bluebird;19299;07/09/2013 19:39;7;289;123;16/09/2020 06:59;JavaScript;1062;1120;94.82
doczjs/docz;19264;17/03/2018 04:24;2;344;126;16/09/2020 08:31;TypeScript;1084;1124;96.44
FallibleInc/security-guide-for-developers;19254;08/06/2016 15:56;4;26;0;16/09/2020 09:06;None;4;12;33.33
lukasz-madon/awesome-remote-job;19203;02/01/2015 00:31;5;475;0;16/09/2020 11:49;None;35;39;89.74
nefe/You-Dont-Need-jQuery;19200;21/11/2015 16:02;4;158;1;16/09/2020 07:13;JavaScript;57;65;87.69
trailofbits/algo;19193;15/05/2016 03:42;4;446;2;16/09/2020 11:38;Python;1246;1316;94.68
inconshreveable/ngrok;19188;20/03/2013 09:37;7;34;0;16/09/2020 03:35;Go;384;630;60.95
dotnet/aspnetcore;19181;11/03/2014 06:09;6;6003;93;16/09/2020 13:08;C#;15409;17930;85.94
pcottle/learnGitBranching;19168;13/08/2012 22:36;8;353;0;16/09/2020 07:14;JavaScript;293;324;90.43
tipsy/profile-summary-for-github;19146;10/12/2017 13:29;2;20;0;15/09/2020 03:43;Vue;57;69;82.61
wsargent/docker-cheat-sheet;19135;05/08/2014 20:04;6;128;0;16/09/2020 12:01;None;22;27;81.48
futurice/android-best-practices;19133;29/07/2014 09:09;6;80;0;15/09/2020 13:50;None;61;83;73.49
ReactiveX/RxAndroid;19129;19/08/2014 03:46;6;167;18;16/09/2020 12:22;Java;338;338;100.00
acmesh-official/acme.sh;19077;26/12/2015 12:56;4;922;29;16/09/2020 12:13;Shell;1281;1822;70.31
enzymejs/enzyme;19071;10/11/2015 21:45;4;633;0;16/09/2020 10:22;JavaScript;1426;1663;85.75
ReactiveX/RxSwift;19069;07/04/2015 21:25;5;683;64;16/09/2020 11:45;Swift;1071;1077;99.44
kubernetes/minikube;19069;15/04/2016 22:38;4;3627;100;16/09/2020 13:02;Go;4596;5003;91.86
facebook/docusaurus;19056;20/06/2017 16:13;3;2014;84;16/09/2020 13:11;TypeScript;1020;1196;85.28
domnikl/DesignPatternsPHP;19051;22/08/2011 05:24;9;224;0;15/09/2020 12:02;PHP;92;94;97.87
jlmakes/scrollreveal;19047;16/01/2014 17:37;6;32;0;16/09/2020 08:06;JavaScript;444;457;97.16
SamyPesse/How-to-Make-a-Computer-Operating-System;19012;29/11/2013 17:36;6;42;1;16/09/2020 05:52;C;25;65;38.46
NativeScript/NativeScript;19001;01/03/2015 09:47;5;2573;69;16/09/2020 06:22;TypeScript;5089;5821;87.42
kataras/iris;18994;30/01/2016 04:36;4;157;14;16/09/2020 12:08;Go;636;650;97.85
apache/incubator-mxnet;18983;30/04/2015 16:21;5;7780;22;16/09/2020 09:35;C++;7444;9011;82.61
cockroachdb/cockroach;18976;06/02/2014 00:18;6;24236;0;16/09/2020 12:07;Go;24452;27673;88.36
mattermost/mattermost-server;18927;15/06/2015 06:50;5;9204;210;16/09/2020 12:41;Go;4473;4928;90.77
rollup/rollup;18914;14/05/2015 22:26;5;1156;209;16/09/2020 09:43;JavaScript;2177;2402;90.63
HeroTransitions/Hero;18904;24/11/2016 18:49;3;94;35;16/09/2020 13:13;Swift;378;554;68.23
QSCTech/zju-icicles;18890;28/06/2016 16:17;4;95;0;16/09/2020 09:14;HTML;33;39;84.62
tmux/tmux;18870;03/06/2015 23:32;5;0;30;16/09/2020 13:01;C;2012;2023;99.46
facebook/draft-js;18868;19/02/2016 20:18;4;212;26;16/09/2020 12:04;JavaScript;917;1561;58.74
feathericons/feather;18832;28/05/2014 19:49;6;91;50;16/09/2020 10:56;JavaScript;204;485;42.06
postcss/autoprefixer;18814;14/03/2013 05:04;7;240;156;16/09/2020 13:20;JavaScript;1025;1054;97.25
chenglou/react-motion;18810;11/06/2015 07:38;5;144;4;16/09/2020 11:36;JavaScript;242;387;62.53
encode/django-rest-framework;18793;02/03/2011 17:13;9;2505;13;16/09/2020 09:19;Python;3345;3534;94.65
MostlyAdequate/mostly-adequate-guide;18783;06/05/2015 01:44;5;263;0;16/09/2020 04:13;JavaScript;191;240;79.58
react-navigation/react-navigation;18777;26/01/2017 19:51;3;863;540;16/09/2020 09:28;TypeScript;7183;7381;97.32
pjreddie/darknet;18767;11/04/2014 07:59;6;9;0;16/09/2020 12:15;C;481;2049;23.47
OAI/OpenAPI-Specification;18734;03/03/2014 16:53;6;599;8;16/09/2020 10:02;JavaScript;1080;1527;70.73
odoo/odoo;18718;13/05/2014 15:38;6;6077;0;16/09/2020 11:30;JavaScript;11437;12806;89.31
cfenollosa/os-tutorial;18717;29/09/2014 08:39;5;11;0;16/09/2020 10:06;C;64;105;60.95
d2l-ai/d2l-zh;18675;23/08/2017 04:40;3;478;10;16/09/2020 08:42;Python;0;0;-
tj/commander.js;18675;14/08/2011 21:33;9;403;47;16/09/2020 12:37;JavaScript;696;712;97.75
geekcomputers/Python;18657;30/11/2011 09:04;8;545;0;16/09/2020 12:09;Python;69;157;43.95
balena-io/etcher;18647;27/10/2015 16:53;4;1558;133;16/09/2020 11:21;TypeScript;1259;1517;82.99
SeleniumHQ/selenium;18644;14/01/2013 21:40;7;577;27;16/09/2020 12:32;Java;6424;6719;95.61
AobingJava/JavaFamily;18633;12/11/2019 04:26;0;2;0;16/09/2020 13:14;None;33;42;78.57
hasura/graphql-engine;18626;18/06/2018 07:57;2;1966;78;16/09/2020 12:21;Haskell;2040;3080;66.23
denysdovhan/wtfjs;18599;14/07/2017 15:42;3;57;0;16/09/2020 12:17;JavaScript;28;72;38.89
JohnCoates/Aerial;18591;26/10/2015 21:21;4;204;135;16/09/2020 13:12;Swift;768;815;94.23
vlang/v;18586;08/02/2019 02:57;1;2913;25;16/09/2020 12:50;V;2153;2842;75.76
fengdu78/Coursera-ML-AndrewNg-Notes;18568;04/11/2017 10:04;2;9;0;16/09/2020 12:05;HTML;11;48;22.92
ruanyf/es6tutorial;18560;20/04/2014 13:06;6;316;0;16/09/2020 07:18;JavaScript;485;485;100.00
segmentio/nightmare;18555;05/04/2014 22:19;6;251;1;16/09/2020 09:41;JavaScript;1060;1217;87.10
mongodb/mongo;18553;15/01/2009 16:15;11;114;0;16/09/2020 13:19;C++;0;0;-
CMU-Perceptual-Computing-Lab/openpose;18550;24/04/2017 14:06;3;130;14;16/09/2020 09:35;C++;1401;1441;97.22
google/web-starter-kit;18529;07/04/2014 08:45;6;234;14;11/09/2020 12:49;HTML;534;579;92.23
ianstormtaylor/slate;18523;18/06/2016 01:52;4;1121;18;16/09/2020 09:43;TypeScript;2074;2324;89.24
google/gson;18521;19/03/2015 18:21;5;203;0;16/09/2020 13:08;Java;869;1316;66.03
lenve/vhr;18507;04/01/2018 08:57;2;0;0;16/09/2020 10:02;Java;83;205;40.49
bannedbook/fanqiang;18494;14/01/2015 00:34;5;1;12;16/09/2020 12:36;Rich Text Format;329;532;61.84
spf13/cobra;18493;03/09/2013 20:40;7;329;8;16/09/2020 13:04;Go;446;628;71.02
veggiemonk/awesome-docker;18489;21/09/2014 17:01;5;710;1;16/09/2020 13:19;None;106;107;99.07
Prinzhorn/skrollr;18455;18/03/2012 15:41;8;35;0;16/09/2020 12:31;HTML;533;776;68.69
bilibili/flv.js;18449;12/05/2016 08:34;4;16;12;16/09/2020 08:17;JavaScript;269;556;48.38
swagger-api/swagger-ui;18436;15/07/2011 22:56;9;1481;162;16/09/2020 13:18;JavaScript;3665;4203;87.20
verekia/js-stack-from-scratch;18418;02/10/2016 13:31;3;55;1;16/09/2020 09:21;JavaScript;118;157;75.16
nsqio/nsq;18400;12/05/2012 14:37;8;615;29;16/09/2020 09:28;Go;493;535;92.15
openfaas/faas;18390;22/12/2016 12:51;3;619;128;16/09/2020 07:09;Go;634;697;90.96
android/architecture-components-samples;18306;09/05/2017 21:09;3;183;0;16/09/2020 13:19;Kotlin;491;591;83.08
xi-editor/xi-editor;18301;26/04/2016 23:03;4;641;0;16/09/2020 12:02;Rust;387;513;75.44
react-bootstrap/react-bootstrap;18275;27/12/2013 19:06;6;2119;4;16/09/2020 10:11;JavaScript;2719;2809;96.80
ftlabs/fastclick;18260;13/02/2012 08:38;8;67;3;16/09/2020 09:52;HTML;179;391;45.78
avajs/ava;18258;18/11/2014 17:20;5;857;75;16/09/2020 06:34;JavaScript;1324;1401;94.50
vuejs/vue-devtools;18252;29/09/2014 03:52;5;198;35;16/09/2020 09:36;JavaScript;695;947;73.39
Wox-launcher/Wox;18250;19/12/2013 15:49;6;276;38;16/09/2020 11:24;C#;2343;2766;84.71
apache/airflow;18241;13/04/2015 18:04;5;5677;18;16/09/2020 12:19;Python;1198;1790;66.93
pmndrs/react-spring;18193;07/03/2018 15:39;2;210;4;16/09/2020 11:37;JavaScript;684;794;86.15
sqlmapproject/sqlmap;18170;26/06/2012 09:52;8;116;5;16/09/2020 13:05;Python;3954;4002;98.80
poteto/hiring-without-whiteboards;18133;15/03/2017 05:09;3;905;0;16/09/2020 12:33;JavaScript;0;0;-
afollestad/material-dialogs;18123;03/11/2014 03:21;5;179;92;16/09/2020 08:40;Kotlin;1154;1203;95.93
labstack/echo;18106;01/03/2015 17:43;5;321;79;16/09/2020 12:29;Go;1019;1045;97.51
jorgebucaran/hyperapp;18103;20/01/2017 05:20;3;246;26;16/09/2020 10:10;JavaScript;520;535;97.20
curl/curl;18097;18/03/2010 22:32;10;117;47;16/09/2020 12:59;C;2424;2446;99.10
ipfs/ipfs;18092;11/02/2014 07:28;6;119;0;16/09/2020 11:22;None;202;202;100.00
bcit-ci/CodeIgniter;18071;19/08/2011 13:34;9;1273;0;16/09/2020 12:53;PHP;3073;3133;98.08
sampotts/plyr;18065;14/02/2015 11:33;5;293;69;16/09/2020 13:12;JavaScript;1035;1519;68.14
jamiebuilds/the-super-tiny-compiler;18060;11/03/2016 04:19;4;20;0;16/09/2020 03:23;JavaScript;0;0;-
komeiji-satori/Dress;18060;11/02/2018 03:49;2;386;0;16/09/2020 13:07;Standard ML;228;314;72.61
yunjey/pytorch-tutorial;18057;10/03/2017 07:41;3;28;0;16/09/2020 13:15;Python;111;160;69.38
go-kit/kit;18032;03/02/2015 00:01;5;419;10;16/09/2020 10:59;Go;409;472;86.65
golang-standards/project-layout;18001;09/09/2017 16:33;3;22;0;16/09/2020 12:16;Makefile;11;47;23.40
helm/helm;17981;06/10/2015 01:07;4;2950;121;16/09/2020 12:52;Go;4454;4946;90.05
jaredhanson/passport;17941;08/10/2011 22:38;8;44;0;16/09/2020 13:08;JavaScript;327;653;50.08
dotnet/corefx;17903;06/11/2014 23:42;5;21726;92;15/09/2020 19:10;None;0;0;-
felixrieseberg/windows95;17878;23/08/2018 05:04;2;15;11;16/09/2020 07:46;TypeScript;87;151;57.62
mbadolato/iTerm2-Color-Schemes;17872;01/04/2011 04:01;9;173;0;16/09/2020 08:51;Shell;49;62;79.03
Seldaek/monolog;17855;17/02/2011 02:07;9;568;40;16/09/2020 12:04;PHP;610;636;95.91
psf/black;17854;14/03/2018 19:54;2;427;4;16/09/2020 10:00;Python;848;1172;72.35
keon/algorithms;17852;17/11/2016 22:32;3;368;0;16/09/2020 10:29;Python;78;116;67.24
immerjs/immer;17837;29/12/2017 12:25;2;204;69;16/09/2020 09:35;JavaScript;408;415;98.31
parse-community/parse-server;17812;28/01/2016 18:29;4;2464;77;16/09/2020 02:58;JavaScript;3646;3740;97.49
Popmotion/popmotion;17812;17/08/2014 16:23;6;290;0;16/09/2020 10:27;JavaScript;538;553;97.29
SnapKit/Masonry;17811;22/07/2013 01:15;7;75;1;16/09/2020 03:11;Objective-C;329;447;73.60
xkcoding/spring-boot-demo;17803;10/11/2017 06:27;2;11;0;16/09/2020 12:37;Java;57;104;54.81
dhg/Skeleton;17800;30/04/2011 20:04;9;25;6;16/09/2020 07:32;CSS;123;194;63.40
YMFE/yapi;17797;30/05/2016 09:09;4;107;0;16/09/2020 13:14;JavaScript;765;1743;43.89
davideuler/architecture.of.internet-product;17794;30/04/2018 10:25;2;1;0;16/09/2020 08:55;None;3;10;30.00
laurent22/joplin;17790;16/01/2017 21:49;3;749;147;16/09/2020 11:23;JavaScript;2485;2663;93.32
hashicorp/vault;17780;25/02/2015 00:15;5;5240;0;16/09/2020 13:07;Go;3219;3852;83.57
localForage/localForage;17770;31/10/2013 00:10;6;266;25;16/09/2020 13:02;JavaScript;469;631;74.33
viatsko/awesome-vscode;17765;07/02/2016 23:02;4;223;0;16/09/2020 04:55;JavaScript;21;34;61.76
stedolan/jq;17752;18/07/2012 19:57;8;205;9;16/09/2020 10:15;C;1175;1701;69.08
matterport/Mask_RCNN;17746;19/10/2017 20:28;2;65;3;16/09/2020 12:45;Python;683;2129;32.08
facebook/rocksdb;17710;30/11/2012 06:16;7;546;125;16/09/2020 10:52;C++;1633;2011;81.20
ruanyf/jstraining;17704;27/10/2016 12:00;3;17;0;16/09/2020 10:56;None;41;41;100.00
servo/servo;17685;08/02/2012 19:07;8;13636;0;16/09/2020 11:47;Rust;8072;11322;71.29
google/python-fire;17684;21/02/2017 21:35;3;43;7;16/09/2020 09:50;Python;120;187;64.17
jcjohnson/neural-style;17658;01/09/2015 04:55;5;16;0;16/09/2020 12:44;Lua;143;436;32.80
square/picasso;17642;14/05/2013 15:07;7;473;7;16/09/2020 10:59;Java;1325;1510;87.75
lovell/sharp;17634;19/08/2013 20:24;7;176;29;16/09/2020 11:15;JavaScript;2022;2106;96.01
alibaba/weex;17557;11/03/2016 10:18;4;1083;6;16/09/2020 12:34;None;1310;1845;71.00
Homebrew/homebrew-cask;17425;05/03/2012 02:05;8;69442;81;16/09/2020 13:18;Ruby;5489;5521;99.42
yeasy/docker_practice;17418;05/09/2014 04:06;6;232;13;16/09/2020 10:14;Go;181;184;98.37
libgdx/libgdx;17404;10/08/2012 19:34;8;2109;4;16/09/2020 11:50;Java;3026;3191;94.83
tobiasahlin/SpinKit;17400;12/12/2013 23:29;6;51;9;15/09/2020 02:40;CSS;52;55;94.55
elixir-lang/elixir;17383;09/01/2011 08:43;9;5115;103;16/09/2020 05:59;Elixir;4150;4159;99.78
vuejs/vuepress;17370;05/04/2018 16:58;2;709;11;16/09/2020 11:04;JavaScript;1262;1562;80.79
typescript-cheatsheets/react;17346;02/06/2018 04:08;2;157;0;16/09/2020 13:18;JavaScript;101;115;87.83
necolas/react-native-web;17314;09/06/2015 19:25;5;22;15;16/09/2020 13:22;JavaScript;1212;1271;95.36
TeamStuQ/skill-map;17314;17/11/2015 11:17;4;42;2;16/09/2020 12:50;HTML;14;80;17.50
kilimchoi/engineering-blogs;17303;13/06/2015 18:25;5;679;0;16/09/2020 12:50;Ruby;75;77;97.40
ruby/ruby;17297;27/02/2010 15:55;10;852;0;16/09/2020 12:31;Ruby;0;0;-
jesseduffield/lazygit;17296;19/05/2018 00:53;2;409;98;16/09/2020 12:33;Go;408;523;78.01
jhipster/generator-jhipster;17272;21/10/2013 20:07;6;5727;4;16/09/2020 12:37;JavaScript;5939;6049;98.18
getredash/redash;17255;28/10/2013 13:19;6;2505;95;16/09/2020 11:00;JavaScript;1581;1967;80.38
airyland/vux;17224;15/02/2016 03:23;4;308;78;14/09/2020 14:31;Vue;2471;3252;75.98
drduh/macOS-Security-and-Privacy-Guide;17222;31/08/2015 03:36;5;130;0;16/09/2020 10:57;Python;214;218;98.17
seata/seata;17219;28/12/2018 08:37;1;1067;28;16/09/2020 12:54;Java;1305;1695;76.99
nikitavoloboev/my-mac-os;17211;04/03/2016 12:26;4;14;0;15/09/2020 23:47;None;68;70;97.14
explosion/spaCy;17206;03/07/2014 15:15;6;1656;68;16/09/2020 12:41;Python;4024;4198;95.86
npm/npm;17204;29/09/2009 17:21;10;439;261;16/09/2020 06:46;None;16504;18671;88.39
reduxjs/reselect;17182;01/07/2015 11:06;5;93;22;16/09/2020 09:02;JavaScript;240;307;78.18
goldfire/howler.js;17176;28/01/2013 16:47;7;115;21;16/09/2020 05:03;JavaScript;953;1166;81.73
osquery/osquery;17174;29/07/2014 20:27;6;3433;105;16/09/2020 09:57;C++;2091;2525;82.81
google/googletest;17150;28/07/2015 15:07;5;639;2;16/09/2020 13:22;C++;1450;1564;92.71
chrisbanes/PhotoView;17128;17/07/2012 16:39;8;52;5;16/09/2020 12:48;Java;472;620;76.13
BoostIO/Boostnote;17122;06/03/2016 17:06;4;1071;15;16/09/2020 11:26;JavaScript;1868;2287;81.68
eslint/eslint;17112;29/06/2013 23:59;7;4554;220;16/09/2020 05:27;JavaScript;7986;8085;98.78
commaai/openpilot;17109;24/11/2016 01:33;3;943;24;16/09/2020 12:48;C++;520;572;90.91
hollischuang/toBeTopJavaer;17099;25/10/2018 09:54;1;29;0;16/09/2020 13:16;Java;37;56;66.07
geekxh/hello-algorithm;17090;29/05/2020 05:47;0;18;0;16/09/2020 13:22;Java;21;21;100.00
benweet/stackedit;17050;24/03/2013 13:46;7;35;13;16/09/2020 09:08;JavaScript;965;1539;62.70
zhaoolee/ChromeAppHeroes;17048;07/02/2019 06:35;1;7;0;16/09/2020 07:45;JavaScript;27;36;75.00
highlightjs/highlight.js;17042;01/01/2011 23:47;9;910;8;16/09/2020 11:58;JavaScript;1361;1406;96.80
vuejs/vue-router;17021;11/12/2013 19:37;6;530;73;16/09/2020 12:39;JavaScript;2393;2476;96.65
ApolloAuto/apollo;17005;04/07/2017 19:03;3;8967;8;16/09/2020 12:58;C++;2036;2599;78.34
rwaldron/idiomatic.js;16975;25/05/2011 17:48;9;108;0;16/09/2020 13:08;None;44;76;57.89
Binaryify/NeteaseCloudMusicApi;16963;22/06/2016 11:58;4;90;95;16/09/2020 12:54;JavaScript;776;811;95.68
rust-unofficial/awesome-rust;16959;17/07/2014 10:45;6;802;0;16/09/2020 09:06;Rust;71;85;83.53
prisma/prisma1;16927;25/09/2016 12:54;3;1319;181;15/09/2020 23:32;Scala;2915;3413;85.41
gfwlist/gfwlist;16917;13/03/2015 13:24;5;0;0;16/09/2020 10:04;None;1458;1972;73.94
kelthuzadx/hosts;16915;04/07/2014 01:05;6;286;2;15/09/2020 05:43;Rascal;888;891;99.66
alibaba/easyexcel;16905;06/02/2018 03:14;2;47;1;16/09/2020 13:15;Java;1387;1438;96.45
qiurunze123/miaosha;16874;14/09/2018 04:36;2;8;0;16/09/2020 08:08;Java;29;48;60.42
microsoft/CNTK;16864;26/11/2015 09:52;4;257;32;16/09/2020 09:21;C++;2512;3252;77.24
apache/kafka;16863;15/08/2011 18:06;9;3324;0;16/09/2020 12:12;Java;0;0;-
facebook/flux;16833;20/07/2014 23:33;6;158;0;16/09/2020 02:32;JavaScript;216;229;94.32
SnapKit/SnapKit;16830;05/06/2014 21:13;6;111;11;16/09/2020 13:00;Swift;429;498;86.14
marktext/marktext;16811;12/11/2017 16:05;2;768;31;16/09/2020 10:15;JavaScript;1111;1508;73.67
nicolargo/glances;16800;04/12/2011 08:49;8;370;20;16/09/2020 13:12;Python;1074;1259;85.31
fabricjs/fabric.js;16792;09/06/2010 22:24;10;1402;105;16/09/2020 13:13;JavaScript;4536;4761;95.27
eriklindernoren/ML-From-Scratch;16774;05/02/2017 12:11;3;9;0;16/09/2020 10:00;Python;33;55;60.00
julianshapiro/velocity;16761;09/04/2014 20:02;6;54;18;16/09/2020 06:24;TypeScript;767;808;94.93
nostra13/Android-Universal-Image-Loader;16745;27/11/2011 18:48;8;51;0;16/09/2020 08:50;Java;771;1206;63.93
git-tips/tips;16710;15/07/2015 07:24;5;127;0;16/09/2020 01:43;JavaScript;16;27;59.26
palantir/blueprint;16703;25/10/2016 21:17;3;1731;110;16/09/2020 12:33;TypeScript;1701;2221;76.59
wuyouzhuguli/SpringAll;16697;02/05/2018 02:48;2;1;0;16/09/2020 11:28;Java;24;32;75.00
onevcat/Kingfisher;16693;06/04/2015 14:26;5;435;135;16/09/2020 11:47;Swift;933;977;95.50
defunkt/jquery-pjax;16687;26/02/2011 02:44;9;81;11;15/09/2020 16:43;JavaScript;386;441;87.53
graphql/graphql-js;16678;30/06/2015 12:16;5;1638;111;16/09/2020 12:20;JavaScript;779;882;88.32
sebastianruder/NLP-progress;16674;22/06/2018 17:43;2;359;3;16/09/2020 12:49;Python;62;82;75.61
facebook/hhvm;16656;02/01/2010 01:17;10;88;15;16/09/2020 12:04;C++;5180;5754;90.02
halo-dev/halo;16642;21/03/2018 12:56;2;240;56;16/09/2020 11:55;Java;621;693;89.61
wekan/wekan;16631;21/01/2014 01:26;6;560;144;16/09/2020 12:39;JavaScript;1840;2432;75.66
adobe-fonts/source-code-pro;16618;09/08/2012 23:14;8;42;11;15/09/2020 14:38;CSS;144;191;75.39
angular/material;16614;01/07/2014 19:20;6;863;11;16/09/2020 08:54;JavaScript;8605;8958;96.06
uglide/RedisDesktopManager;16605;05/08/2013 07:51;7;279;64;16/09/2020 12:08;C++;4306;4334;99.35
InterviewMap/CS-Interview-Knowledge-Map;16538;19/03/2018 02:38;2;60;0;16/09/2020 08:47;None;74;101;73.27
sebastianbergmann/phpunit;16537;24/12/2009 13:16;10;689;0;16/09/2020 12:38;PHP;2674;2799;95.53
Micropoor/Micro8;16530;18/02/2019 08:30;1;2;0;16/09/2020 08:43;None;30;42;71.43
swisskyrepo/PayloadsAllTheThings;16523;18/10/2016 07:29;3;175;1;16/09/2020 12:32;Python;40;48;83.33
wenyan-lang/wenyan;16507;08/12/2019 20:21;0;160;13;16/09/2020 11:13;TypeScript;295;454;64.98
judasn/IntelliJ-IDEA-Tutorial;16506;17/08/2015 15:25;5;37;0;16/09/2020 12:08;None;66;71;92.96
wangzheng0822/algo;16502;24/09/2018 05:33;1;321;0;16/09/2020 13:15;Python;21;107;19.63
microsoft/playwright;16466;15/11/2019 18:32;0;2629;20;16/09/2020 12:14;TypeScript;866;1002;86.43
vercel/pkg;16451;08/08/2016 19:41;4;49;22;16/09/2020 05:24;JavaScript;335;866;38.68
less/less.js;16419;20/02/2010 17:25;10;423;29;15/09/2020 23:19;JavaScript;2536;2680;94.63
facebook/fresco;16312;02/03/2015 09:58;5;81;42;16/09/2020 12:49;Java;2009;2124;94.59
google/ExoPlayer;16305;13/06/2014 21:19;6;447;2;16/09/2020 10:58;Java;6572;6994;93.97
js-cookie/js-cookie;16297;19/03/2015 15:57;5;51;29;16/09/2020 11:23;JavaScript;436;439;99.32
uikit/uikit;16256;18/07/2013 16:00;7;190;168;16/09/2020 12:35;CSS;3151;3749;84.05
validatorjs/validator.js;16248;06/10/2010 06:58;9;453;5;16/09/2020 12:01;JavaScript;643;739;87.01
notable/notable;16222;22/12/2018 13:57;1;25;20;16/09/2020 12:53;TypeScript;797;1219;65.38
quasarframework/quasar;16199;05/10/2015 15:45;4;2265;342;16/09/2020 13:16;JavaScript;4707;4882;96.42
microsoft/api-guidelines;16197;12/07/2016 20:01;4;70;0;16/09/2020 12:30;None;56;82;68.29
jesseduffield/lazydocker;16178;18/05/2019 08:53;1;79;25;16/09/2020 13:18;Go;73;144;50.69
EpicGames/UnrealEngine;16177;14/03/2014 17:43;6;7;91;16/09/2020 13:09;None;0;0;-
twitter/typeahead.js;16151;19/02/2013 19:45;7;106;0;15/09/2020 12:52;JavaScript;905;1316;68.77
JacksonTian/fks;16137;17/10/2012 05:55;7;81;0;16/09/2020 08:55;JavaScript;17;29;58.62
jenkinsci/jenkins;16126;22/11/2010 21:21;9;3519;61;16/09/2020 08:12;Java;0;0;-
reactnativecn/react-native-guide;16093;10/04/2015 03:34;5;48;0;15/09/2020 07:37;None;18;20;90.00
StevenBlack/hosts;16080;12/04/2012 20:22;8;317;267;15/09/2020 22:42;Python;927;963;96.26
eggjs/egg;16077;18/06/2016 06:53;4;937;77;16/09/2020 09:52;JavaScript;3275;3397;96.41
winstonjs/winston;16062;29/12/2010 18:49;9;361;4;16/09/2020 12:54;JavaScript;882;1182;74.62
mojs/mojs;16045;26/06/2014 08:49;6;38;14;16/09/2020 07:42;JavaScript;129;173;74.57
ElemeFE/mint-ui;16037;17/05/2016 09:54;4;297;11;16/09/2020 08:22;Vue;981;1219;80.48
swoole/swoole-src;16035;21/07/2012 13:49;8;920;194;16/09/2020 13:20;C++;2484;2523;98.45
HelloZeroNet/ZeroNet;16033;12/01/2015 00:41;5;376;22;16/09/2020 13:13;Python;1380;2003;68.90
datasciencemasters/go;16028;14/08/2013 08:33;7;43;0;16/09/2020 11:57;None;24;49;48.98
nosir/cleave.js;16020;18/05/2016 12:45;4;132;66;16/09/2020 06:02;JavaScript;319;444;71.85
portainer/portainer;15986;19/05/2016 20:15;4;1217;74;16/09/2020 13:18;JavaScript;2265;2859;79.22
sirupsen/logrus;15972;16/10/2013 19:08;6;369;9;16/09/2020 11:51;Go;478;537;89.01
v8/v8;15968;24/09/2014 15:24;5;0;0;16/09/2020 10:08;C++;0;0;-
google/flexbox-layout;15964;04/05/2016 08:11;4;244;24;16/09/2020 09:49;Kotlin;201;273;73.63
jtoy/awesome-tensorflow;15953;27/02/2016 17:00;4;107;0;16/09/2020 09:40;None;10;10;100.00
alsotang/node-lessons;15920;05/10/2014 09:57;5;26;0;16/09/2020 09:14;JavaScript;45;127;35.43
1c7/chinese-independent-developer;15913;21/09/2017 11:08;2;93;0;16/09/2020 04:33;None;51;53;96.23
ChristosChristofidis/awesome-deep-learning;15827;02/01/2015 19:28;5;124;0;16/09/2020 06:46;None;13;14;92.86
libuv/libuv;15823;30/11/2013 00:29;6;455;0;16/09/2020 13:10;C;1171;1241;94.36
mysqljs/mysql;15817;29/07/2010 14:58;10;108;0;16/09/2020 10:09;JavaScript;1868;2008;93.03
Kotlin/anko;15806;18/09/2014 12:12;5;100;26;16/09/2020 13:15;Kotlin;380;617;61.59
tqdm/tqdm;15793;03/06/2015 13:13;5;207;89;16/09/2020 12:52;Python;454;671;67.66
FelisCatus/SwitchyOmega;15793;08/06/2012 15:32;8;7;51;16/09/2020 07:42;CoffeeScript;1646;2055;80.10
celery/celery;15791;24/04/2009 11:31;11;1321;10;16/09/2020 09:50;Python;3840;4241;90.54
MLEveryday/100-Days-Of-ML-Code;15753;05/08/2018 13:32;2;43;0;16/09/2020 13:07;Jupyter Notebook;39;47;82.98
GitSquared/edex-ui;15753;28/01/2017 09:35;3;348;23;16/09/2020 11:46;JavaScript;320;346;92.49
popperjs/popper-core;15748;29/03/2016 17:00;4;398;123;16/09/2020 11:05;JavaScript;646;659;98.03
0xd4d/dnSpy;15742;01/07/2015 16:05;5;51;2;16/09/2020 13:02;C#;1291;1467;88.00
fastify/fastify;15738;28/09/2016 19:10;3;1294;155;16/09/2020 12:41;JavaScript;942;994;94.77
jdg/MBProgressHUD;15709;31/05/2009 21:45;11;96;0;15/09/2020 15:29;Objective-C;335;385;87.01
electron-react-boilerplate/electron-react-boilerplate;15702;18/05/2015 09:54;5;649;42;16/09/2020 13:02;TypeScript;1190;1231;96.67
framework7io/framework7;15701;23/02/2014 12:15;6;377;142;16/09/2020 10:29;JavaScript;3009;3098;97.13
alibaba/canal;15693;13/01/2013 10:59;7;321;20;16/09/2020 12:24;Java;2292;2606;87.95
android/plaid;15681;30/10/2015 16:10;4;368;0;16/09/2020 05:03;Kotlin;272;335;81.19
sideway/joi;15661;16/09/2012 16:38;7;366;0;16/09/2020 10:41;JavaScript;1877;1905;98.53
vuejs/vue-next;15643;12/06/2018 13:49;2;942;49;16/09/2020 13:12;TypeScript;674;725;92.97
phoenixframework/phoenix;15641;20/01/2014 14:14;6;1604;20;16/09/2020 13:17;Elixir;1905;1927;98.86
hubotio/hubot;15637;27/08/2011 08:30;9;508;9;16/09/2020 07:12;JavaScript;685;757;90.49
dwmkerr/hacker-laws;15636;25/01/2018 03:46;2;138;0;16/09/2020 07:28;Shell;49;148;33.11
magenta/magenta;15621;05/05/2016 20:10;4;906;47;16/09/2020 11:05;Python;514;753;68.26
jashkenas/coffeescript;15614;18/12/2009 01:39;10;851;0;16/09/2020 11:59;CoffeeScript;4025;4066;98.99
alibaba/ice;15605;03/11/2016 06:59;3;1841;17;16/09/2020 09:18;TypeScript;1454;1477;98.44
shuzheng/zheng;15593;04/10/2016 10:07;3;10;0;16/09/2020 07:04;Java;62;94;65.96
facebook/folly;15588;01/06/2012 20:49;8;3;4;16/09/2020 12:10;C++;522;739;70.64
n0shake/Public-APIs;15572;13/01/2016 18:53;4;267;0;16/09/2020 03:46;None;33;37;89.19
alibaba/spring-cloud-alibaba;15565;01/12/2017 20:49;2;413;13;16/09/2020 12:19;Java;877;1139;77.00
xuxueli/xxl-job;15559;28/11/2015 12:59;4;81;29;16/09/2020 13:15;Java;1415;1711;82.70
looly/hutool;15545;13/04/2014 07:23;6;99;65;16/09/2020 13:18;Java;884;887;99.66
handlebars-lang/handlebars.js;15539;31/07/2010 18:54;10;301;0;16/09/2020 04:37;JavaScript;1184;1242;95.33
fish-shell/fish-shell;15537;10/05/2012 03:00;8;990;28;16/09/2020 08:34;Shell;4747;5207;91.17
PHPMailer/PHPMailer;15533;23/08/2011 07:57;9;265;42;16/09/2020 11:45;PHP;1604;1642;97.69
didi/DoraemonKit;15520;14/08/2018 10:32;2;202;3;16/09/2020 09:19;Java;362;411;88.08
basecamp/trix;15474;01/08/2013 22:21;7;110;29;16/09/2020 07:58;CoffeeScript;592;631;93.82
reddit-archive/reddit;15472;18/06/2008 23:30;12;18;0;16/09/2020 08:42;Python;0;0;-
viraptor/reverse-interview;15459;08/09/2019 13:38;1;47;0;16/09/2020 12:15;None;13;19;68.42
gto76/python-cheatsheet;15445;25/01/2018 04:16;2;12;0;16/09/2020 12:41;Python;16;20;80.00
streamich/react-use;15444;27/10/2018 10:16;1;981;229;16/09/2020 13:14;TypeScript;166;309;53.72
homebridge/homebridge;15431;01/12/2014 16:37;5;272;14;16/09/2020 07:37;TypeScript;2330;2341;99.53
jamiebuilds/react-loadable;15413;09/03/2017 18:41;3;105;0;16/09/2020 09:55;JavaScript;0;0;-
iissnan/hexo-theme-next;15410;01/12/2014 14:07;5;274;18;14/09/2020 20:52;CSS;1773;1835;96.62
microsoft/MS-DOS;15402;25/06/2018 18:26;2;34;0;16/09/2020 08:22;Assembly;49;52;94.23
rubocop-hq/ruby-style-guide;15394;12/09/2011 13:03;9;337;0;16/09/2020 07:01;None;232;298;77.85
nuysoft/Mock;15390;26/04/2013 08:06;7;7;14;16/09/2020 12:17;JavaScript;133;383;34.73
tsenart/vegeta;15386;13/08/2013 11:45;7;129;62;16/09/2020 10:08;Go;295;339;87.02
bazelbuild/bazel;15349;12/06/2014 16:00;6;23;91;16/09/2020 13:15;Java;6072;8033;75.59
statsd/statsd;15320;30/12/2010 00:09;9;299;0;16/09/2020 09:43;JavaScript;218;259;84.17
visionmedia/superagent;15319;13/04/2011 02:29;9;403;65;16/09/2020 09:52;JavaScript;861;984;87.50
Eugeny/terminus;15312;23/12/2016 09:06;3;724;105;16/09/2020 12:38;TypeScript;1323;1675;78.99
Tencent/tinker;15312;06/09/2016 06:57;4;65;32;16/09/2020 12:05;Java;1020;1343;75.95
ruanyf/react-demos;15295;23/03/2015 10:50;5;19;0;16/09/2020 06:58;JavaScript;28;28;100.00
reduxjs/redux-thunk;15274;13/07/2015 13:33;5;48;12;16/09/2020 11:27;JavaScript;186;190;97.89
sindresorhus/quick-look-plugins;15218;07/12/2013 15:43;6;22;0;16/09/2020 13:05;None;73;80;91.25
dotnet-architecture/eShopOnContainers;15206;05/10/2016 22:35;3;314;7;16/09/2020 11:12;C#;879;917;95.86
Awesome-HarmonyOS/HarmonyOS;15205;09/08/2019 11:24;1;13;0;16/09/2020 13:17;C;0;0;-
Developer-Y/cs-video-courses;15200;21/10/2016 17:02;3;69;0;16/09/2020 13:15;None;18;21;85.71
nostalgic-css/NES.css;15189;24/09/2018 01:49;1;214;7;16/09/2020 07:46;CSS;133;156;85.26
rancher/rancher;15177;07/11/2014 20:49;5;4547;577;16/09/2020 12:57;Go;20314;23566;86.20
ipader/SwiftGuide;15176;14/06/2014 01:17;6;25;0;16/09/2020 12:55;Swift;27;27;100.00
google/eng-practices;15163;04/09/2019 20:47;1;8;0;16/09/2020 10:34;None;4;6;66.67
enyo/dropzone;15162;12/02/2012 16:19;8;68;32;16/09/2020 12:38;JavaScript;0;0;-
crystal-lang/crystal;15152;27/11/2012 17:32;7;3291;83;16/09/2020 06:18;Crystal;4332;5277;82.09
mxgmn/WaveFunctionCollapse;15149;30/09/2016 11:53;3;17;0;16/09/2020 08:50;C#;35;38;92.11
bower/bower;15135;07/09/2012 00:15;8;341;36;13/09/2020 10:00;JavaScript;1893;1901;99.58
mozilla/DeepSpeech;15133;02/06/2016 15:04;4;1226;96;16/09/2020 08:22;C++;1755;1828;96.01
dennybritz/reinforcement-learning;15126;24/08/2016 17:02;4;58;0;16/09/2020 12:41;Jupyter Notebook;58;144;40.28
iview/iview-admin;15117;15/09/2017 10:34;3;90;30;16/09/2020 08:56;Vue;608;1163;52.28
dvajs/dva;15099;24/06/2016 09:06;4;195;35;16/09/2020 12:51;JavaScript;2050;2071;98.99
chalk/chalk;15081;03/08/2013 00:20;7;77;18;16/09/2020 03:16;JavaScript;264;273;96.70
libra/libra;15079;02/04/2019 21:51;1;932;0;16/09/2020 13:15;Rust;755;993;76.03
docsifyjs/docsify;15066;20/11/2016 07:55;3;362;9;16/09/2020 12:22;JavaScript;767;875;87.66
jeromeetienne/AR.js;15065;17/02/2017 10:27;3;77;0;16/09/2020 13:22;HTML;628;632;99.37
PKUanonym/REKCARC-TSC-UHT;15059;05/04/2019 03:31;1;55;0;16/09/2020 12:28;HTML;10;17;58.82
google/flatbuffers;15035;19/05/2014 18:33;6;926;17;16/09/2020 12:32;C++;1297;1426;90.95
dbeaver/dbeaver;15020;21/10/2015 08:26;4;803;111;16/09/2020 12:39;Java;7577;8795;86.15
zhangdaiscott/jeecg-boot;15009;26/11/2018 10:40;1;7;9;16/09/2020 11:31;Java;1430;1452;98.48
chaozh/awesome-blockchain-cn;14991;12/03/2017 06:02;3;7;0;16/09/2020 06:58;JavaScript;18;25;72.00
eligrey/FileSaver.js;14987;15/07/2011 03:27;9;65;14;16/09/2020 07:28;JavaScript;440;535;82.24
shieldfy/API-Security-Checklist;14979;08/07/2017 20:01;3;91;0;16/09/2020 02:10;None;19;30;63.33
zyedidia/micro;14961;11/03/2016 02:06;4;433;29;16/09/2020 09:58;Go;975;1317;74.03
HubSpot/pace;14941;12/09/2013 04:24;7;28;23;16/09/2020 09:52;CSS;140;421;33.25
youzan/vant;14937;19/04/2017 07:55;3;2555;31;16/09/2020 13:18;JavaScript;4494;4512;99.60
jasmine/jasmine;14927;02/12/2008 23:46;11;279;40;16/09/2020 11:07;JavaScript;1227;1286;95.41
facebook/relay;14926;10/08/2015 22:09;5;107;57;16/09/2020 05:42;JavaScript;1410;1632;86.40
sharkdp/fd;14915;09/05/2017 21:27;3;197;23;16/09/2020 09:33;Rust;359;406;88.42
joewalnes/websocketd;14897;14/02/2013 14:52;7;83;6;16/09/2020 10:53;Go;250;278;89.93
desandro/masonry;14882;21/11/2009 21:04;10;10;22;16/09/2020 13:22;HTML;1046;1080;96.85
datawhalechina/pumpkin-book;14876;22/12/2018 05:05;1;43;2;16/09/2020 12:34;None;36;52;69.23
forem/forem;14875;13/11/2016 23:02;3;6232;0;16/09/2020 13:08;Ruby;2202;3069;71.75
material-components/material-components-web;14869;05/12/2016 16:04;3;3085;4;16/09/2020 08:33;TypeScript;2289;2606;87.84
CarGuo/GSYVideoPlayer;14868;13/11/2016 12:34;3;13;19;16/09/2020 12:49;Java;2799;2821;99.22
kriskowal/q;14862;04/09/2010 01:21;10;149;0;16/09/2020 08:54;JavaScript;450;551;81.67
numpy/numpy;14860;13/09/2010 23:02;10;6613;57;16/09/2020 11:56;Python;7011;8902;78.76
zziz/pwc;14857;02/09/2018 12:06;2;10;0;16/09/2020 12:07;None;4;20;20.00
wagerfield/parallax;14854;01/08/2013 15:28;7;14;11;16/09/2020 06:36;JavaScript;201;249;80.72
instillai/TensorFlow-Course;14854;02/10/2018 18:10;1;7;1;16/09/2020 10:10;Python;11;11;100.00
cjbarber/ToolsOfTheTrade;14846;29/05/2014 04:11;6;291;0;16/09/2020 07:01;None;38;38;100.00
elastic/kibana;14832;26/01/2013 04:00;7;44477;33;16/09/2020 13:18;TypeScript;20831;27663;75.30
websockets/ws;14819;09/11/2011 22:32;8;446;60;16/09/2020 02:54;JavaScript;1179;1185;99.49
leereilly/games;14817;05/01/2012 19:48;8;192;0;16/09/2020 10:49;None;75;205;36.59
recharts/recharts;14815;07/08/2015 06:50;5;258;0;16/09/2020 11:59;TypeScript;1749;1930;90.62
madrobby/zepto;14812;20/09/2010 07:57;9;218;18;15/09/2020 06:16;HTML;680;747;91.03
PostgREST/postgrest;14811;13/06/2014 00:23;6;494;27;16/09/2020 09:31;Haskell;861;966;89.13
keystonejs/keystone-classic;14808;02/07/2013 05:01;7;1740;16;15/09/2020 08:05;JavaScript;2152;2452;87.77
Tencent/mars;14808;12/12/2016 04:39;3;49;6;16/09/2020 08:46;C++;543;758;71.64
adam-golab/react-developer-roadmap;14788;16/06/2018 13:40;2;26;0;16/09/2020 10:06;JavaScript;18;39;46.15
designmodo/Flat-UI;14784;03/03/2013 15:36;7;38;1;16/09/2020 10:46;CSS;180;188;95.74
DrKLO/Telegram;14782;25/10/2013 14:08;6;17;32;16/09/2020 10:42;C++;0;0;-
svg/svgo;14770;22/08/2012 10:41;8;200;34;16/09/2020 09:03;JavaScript;629;925;68.00
ionic-team/ionicons;14748;10/10/2013 14:34;6;42;30;16/09/2020 10:13;TypeScript;403;752;53.59
yabwe/medium-editor;14744;29/05/2013 17:40;7;516;149;15/09/2020 16:22;JavaScript;601;910;66.04
zsh-users/zsh-autosuggestions;14743;26/10/2013 16:09;6;100;0;16/09/2020 12:47;Shell;359;406;88.42
oxford-cs-deepnlp-2017/lectures;14734;06/02/2017 11:32;3;4;0;16/09/2020 06:17;None;7;18;38.89
sherlock-project/sherlock;14727;24/12/2018 14:30;1;303;0;16/09/2020 10:43;Python;341;373;91.42
apollographql/apollo-client;14694;26/02/2016 20:25;4;3007;5;16/09/2020 10:52;TypeScript;2562;3110;82.38
briannesbitt/Carbon;14677;08/09/2012 02:56;8;926;164;16/09/2020 08:01;PHP;951;956;99.48
AllThingsSmitty/css-protips;14669;29/08/2015 12:29;5;43;0;16/09/2020 10:10;None;39;44;88.64
jsdom/jsdom;14666;19/01/2010 06:55;10;690;21;16/09/2020 06:50;JavaScript;1521;1836;82.84
envoyproxy/envoy;14666;08/08/2016 15:07;4;7325;34;16/09/2020 13:15;C++;3656;4479;81.63
cocos2d/cocos2d-x;14647;18/11/2010 23:17;9;12325;0;16/09/2020 08:47;C++;3512;4821;72.85
apache/skywalking;14636;07/11/2015 03:30;4;2374;40;16/09/2020 13:16;Java;2658;2718;97.79
limetext/lime;14635;03/10/2012 18:10;7;160;0;16/09/2020 12:55;None;380;401;94.76
nswbmw/N-blog;14628;27/05/2013 06:46;7;25;0;16/09/2020 12:33;JavaScript;419;436;96.10
SpaceVim/SpaceVim;14623;26/12/2016 04:40;3;1789;16;16/09/2020 12:55;Vim script;1796;1856;96.77
ccxt/ccxt;14604;14/05/2017 15:41;3;2315;0;16/09/2020 09:44;JavaScript;4498;4816;93.40
angular-ui/bootstrap;14603;05/10/2012 18:27;7;69;5;16/09/2020 08:56;JavaScript;4185;4455;93.94
acdlite/recompose;14596;07/10/2015 05:54;4;246;42;16/09/2020 09:56;JavaScript;374;430;86.98
charlax/professional-programming;14594;07/11/2015 05:07;4;20;0;16/09/2020 07:32;Python;9;9;100.00
binux/pyspider;14573;21/02/2014 19:18;6;90;13;16/09/2020 11:48;Python;542;794;68.26
go-delve/delve;14570;20/05/2014 19:24;6;797;8;16/09/2020 11:20;Go;1027;1126;91.21
spf13/spf13-vim;14562;20/04/2010 16:20;10;256;0;16/09/2020 13:09;Vim script;412;722;57.06
altercation/solarized;14552;18/02/2011 05:18;9;21;0;15/09/2020 14:54;Vim script;96;245;39.18
hackiftekhar/IQKeyboardManager;14549;25/08/2013 11:32;7;99;75;16/09/2020 07:18;Objective-C;1522;1573;96.76
Shopify/draggable;14539;27/09/2017 15:31;2;114;11;16/09/2020 12:30;JavaScript;145;241;60.17
vadimdemedes/ink;14527;12/06/2017 06:12;3;137;37;16/09/2020 13:20;TypeScript;174;198;87.88
airbnb/react-sketchapp;14520;21/04/2017 18:27;3;189;28;15/09/2020 17:19;TypeScript;266;292;91.10
kdeldycke/awesome-falsehood;14513;08/09/2016 09:13;4;33;0;16/09/2020 13:20;None;17;20;85.00
rough-stuff/rough;14504;13/12/2016 09:12;3;48;15;16/09/2020 12:34;TypeScript;89;106;83.96
pubkey/rxdb;14493;02/12/2016 19:34;3;1836;54;16/09/2020 10:04;TypeScript;397;402;98.76
android10/Android-CleanArchitecture;14486;19/08/2014 14:09;6;13;0;16/09/2020 11:09;Java;122;246;49.59
infernojs/inferno;14482;01/02/2015 22:07;5;531;159;16/09/2020 10:22;JavaScript;784;823;95.26
hzlzh/Best-App;14479;30/08/2013 14:32;7;49;0;16/09/2020 09:31;None;36;68;52.94
huihut/interview;14467;09/02/2018 09:49;2;26;0;16/09/2020 12:36;C++;34;36;94.44
urfave/cli;14467;13/07/2013 19:32;7;471;21;16/09/2020 09:00;Go;502;549;91.44
Kong/insomnia;14446;23/04/2016 03:54;4;622;130;16/09/2020 12:36;JavaScript;1444;1922;75.13
trekhleb/homemade-machine-learning;14437;01/11/2018 04:34;1;2;0;16/09/2020 11:31;Jupyter Notebook;7;18;38.89
Awesome-Windows/Awesome;14436;30/05/2016 17:27;4;204;0;16/09/2020 13:15;None;69;76;90.79
twbs/ratchet;14415;17/08/2012 05:41;8;231;4;15/09/2020 23:20;CSS;334;536;62.31
yudai/gotty;14416;16/08/2015 09:48;5;33;16;16/09/2020 07:57;Go;120;195;61.54
dotnet/core;14384;18/11/2014 00:44;5;1089;110;16/09/2020 11:46;Shell;3293;3553;92.68
ipython/ipython;14382;10/05/2010 04:46;10;5076;28;16/09/2020 12:21;Python;5116;6463;79.16
helm/charts;14355;24/11/2015 17:05;4;12884;0;16/09/2020 09:50;Go;6031;6151;98.05
hwdsl2/setup-ipsec-vpn;14300;07/01/2016 16:44;4;12;0;16/09/2020 11:55;Shell;791;791;100.00
react-dnd/react-dnd;14295;19/10/2014 13:29;5;1246;124;16/09/2020 11:53;TypeScript;1133;1293;87.63
redisson/redisson;14290;11/01/2014 14:06;6;236;85;16/09/2020 12:57;Java;2561;2716;94.29
riot/riot;14289;27/09/2013 05:21;6;439;67;16/09/2020 12:54;JavaScript;2100;2103;99.86
braydie/HowToBeAProgrammer;14288;04/01/2016 16:47;4;84;0;15/09/2020 15:18;None;17;21;80.95
WordPress/WordPress;14278;01/12/2011 07:05;8;0;0;16/09/2020 11:27;PHP;0;0;-
2dust/v2rayN;14265;30/07/2019 03:47;1;33;49;16/09/2020 13:23;C#;657;929;70.72
mybatis/mybatis-3;14252;14/02/2013 19:03;7;667;32;16/09/2020 08:16;Java;914;1036;88.22
tj/git-extras;14249;04/08/2010 16:32;10;438;15;16/09/2020 06:27;Shell;229;320;71.56
dianping/cat;14241;05/12/2012 02:31;7;864;0;16/09/2020 09:13;Java;968;1042;92.90
electronicarts/CnC_Remastered_Collection;14236;30/03/2020 17:48;0;0;0;16/09/2020 13:15;C++;16;82;19.51
luong-komorebi/Awesome-Linux-Software;14236;06/08/2016 13:16;4;376;0;16/09/2020 06:55;Python;93;104;89.42
GeekyAnts/NativeBase;14235;15/04/2016 11:37;4;479;85;16/09/2020 12:43;JavaScript;2314;2505;92.38
vim-airline/vim-airline;14214;30/06/2013 18:49;7;549;11;16/09/2020 09:59;Vim script;1503;1526;98.49
micro/go-micro;14209;13/01/2015 23:30;5;1121;85;16/09/2020 12:09;Go;674;702;96.01
handsontable/handsontable;14207;23/05/2011 22:38;9;601;175;16/09/2020 10:49;JavaScript;5517;6188;89.16
linlinjava/litemall;14198;22/03/2018 16:42;2;73;7;16/09/2020 12:46;Java;265;295;89.83
getlantern/download;14183;26/06/2018 23:52;2;3;0;16/09/2020 09:13;None;0;0;-
rancher/k3s;14158;31/05/2018 01:37;2;652;129;16/09/2020 13:20;Go;822;1455;56.49
toml-lang/toml;14156;24/02/2013 03:03;7;291;7;16/09/2020 11:34;Python;352;378;93.12
facebook/prepack;14153;28/10/2015 23:25;4;500;43;16/09/2020 10:17;JavaScript;577;767;75.23
forezp/SpringCloudLearning;14146;08/04/2017 10:06;3;0;0;16/09/2020 11:50;Java;11;45;24.44
apache/flink;14142;07/06/2014 07:00;6;2963;0;16/09/2020 12:25;Java;0;0;-
academic/awesome-datascience;14115;05/07/2014 07:07;6;158;0;16/09/2020 12:30;None;32;34;94.12
pytorch/examples;14111;24/08/2016 03:12;4;251;0;16/09/2020 10:44;Python;221;429;51.52
menzi11/BullshitGenerator;14107;28/10/2019 17:05;0;7;0;16/09/2020 06:20;JavaScript;28;140;20.00
alibaba/nacos;14106;15/06/2018 06:49;2;764;29;16/09/2020 13:14;Java;2442;2770;88.16
aFarkas/lazysizes;14104;11/10/2014 21:03;5;60;93;16/09/2020 13:05;JavaScript;571;707;80.76
preservim/nerdtree;14101;10/03/2008 07:34;12;272;0;16/09/2020 11:26;Vim script;787;793;99.24
deezer/spleeter;14099;26/09/2019 15:40;0;31;1;16/09/2020 12:53;Python;347;438;79.22
react-hook-form/react-hook-form;14099;05/03/2019 23:47;1;818;284;16/09/2020 13:15;TypeScript;1430;1434;99.72
marmelab/react-admin;14097;13/07/2016 07:58;4;2147;151;16/09/2020 11:38;TypeScript;2526;2643;95.57
huge-success/sanic;14089;26/05/2016 04:38;4;821;30;16/09/2020 04:30;Python;859;916;93.78
janl/mustache.js;14086;04/10/2009 23:41;10;155;15;16/09/2020 02:47;JavaScript;376;431;87.24
realm/realm-cocoa;14068;16/04/2012 20:06;8;2134;161;16/09/2020 10:26;Objective-C;3785;4144;91.34
css-modules/css-modules;14066;25/05/2015 21:54;5;22;0;16/09/2020 10:19;None;221;310;71.29
philc/vimium;14060;20/09/2009 07:08;10;573;0;16/09/2020 13:05;JavaScript;1958;2698;72.57
norvig/pytudes;13985;01/03/2017 05:43;3;44;0;16/09/2020 10:53;Jupyter Notebook;15;23;65.22
bitcoinbook/bitcoinbook;13976;11/08/2013 23:18;7;265;3;16/09/2020 12:35;Python;222;269;82.53
bokeh/bokeh;13969;26/03/2012 15:40;8;3779;0;16/09/2020 11:14;Python;5592;6148;90.96
dgraph-io/dgraph;13955;25/08/2015 07:15;5;2816;78;16/09/2020 11:04;Go;2302;2302;100.00
typicode/lowdb;13945;02/04/2014 02:16;6;60;21;16/09/2020 12:19;JavaScript;222;315;70.48
nfl/react-helmet;13934;18/06/2015 00:07;5;166;3;16/09/2020 11:01;JavaScript;204;331;61.63
fbsamples/f8app;13904;10/03/2016 21:45;4;43;0;16/09/2020 10:13;JavaScript;187;203;92.12
Carthage/Carthage;13893;10/10/2014 19:54;5;931;71;16/09/2020 12:32;Swift;1772;1921;92.24
wangshub/wechat_jump_game;13892;29/12/2017 02:00;2;146;2;15/09/2020 13:20;Python;958;984;97.36
tensorflow/tfjs;13892;05/03/2018 05:41;2;1286;31;16/09/2020 09:49;TypeScript;1965;2366;83.05
michalsnik/aos;13891;09/07/2015 17:49;5;38;0;16/09/2020 13:09;JavaScript;324;501;64.67
processing/p5.js;13888;26/02/2013 03:14;7;1647;73;16/09/2020 11:56;JavaScript;2679;2780;96.37
jumpserver/jumpserver;13886;04/07/2014 03:54;6;1618;42;16/09/2020 11:55;JavaScript;2643;2775;95.24
fivethirtyeight/data;13885;17/03/2014 13:49;6;42;0;16/09/2020 10:29;Jupyter Notebook;76;109;69.72
oblador/react-native-vector-icons;13876;15/05/2015 16:38;5;144;58;16/09/2020 09:00;JavaScript;710;984;72.15
ehang-io/nps;13865;04/11/2018 13:22;1;62;57;16/09/2020 13:14;Go;499;562;88.79
DIYgod/RSSHub;13853;02/04/2018 14:43;2;3001;235;16/09/2020 09:20;JavaScript;2003;2195;91.25
yaronn/blessed-contrib;13848;14/01/2015 14:18;5;64;0;14/09/2020 06:42;JavaScript;60;120;50.00
realm/SwiftLint;13846;16/05/2015 16:59;5;1250;78;16/09/2020 08:59;Swift;1329;1721;77.22
haoel/leetcode;13828;20/10/2014 03:22;5;76;0;16/09/2020 08:54;C++;34;51;66.67
angular-ui/ui-router;13816;18/01/2013 20:26;7;308;57;12/09/2020 13:44;TypeScript;3153;3162;99.72
facert/awesome-spider;13801;30/09/2016 02:33;3;37;0;16/09/2020 12:07;None;15;31;48.39
PerfectlySoft/Perfect;13796;02/10/2015 18:20;4;74;1;16/09/2020 08:18;Swift;136;185;73.51
ShareX/ShareX;13791;08/10/2013 23:32;6;598;66;16/09/2020 10:37;C#;3835;4198;91.35
openssl/openssl;13791;15/01/2013 22:34;7;83;0;16/09/2020 06:37;C;3510;4660;75.32
locustio/locust;13785;17/02/2011 11:08;9;356;33;16/09/2020 06:32;Python;968;1007;96.13
ampproject/amphtml;13784;01/09/2015 22:10;5;15286;546;16/09/2020 11:26;JavaScript;9599;11462;83.75
apache/incubator-weex;13772;06/01/2017 08:00;3;1700;5;16/09/2020 06:12;C++;693;886;78.22
jitsi/jitsi-meet;13766;16/12/2013 12:51;6;3149;21;16/09/2020 12:27;JavaScript;3394;3805;89.20
cool-RR/PySnooper;13764;18/04/2019 13:55;1;61;0;16/09/2020 12:38;Python;86;101;85.15
winterbe/java8-tutorial;13759;16/03/2014 17:25;6;10;0;16/09/2020 12:40;Java;0;0;-
hemanth/functional-programming-jargon;13753;22/02/2015 16:04;5;111;0;15/09/2020 15:38;None;42;63;66.67
MengTo/Spring;13731;26/12/2014 14:57;5;60;0;16/09/2020 13:06;Swift;90;222;40.54
LingCoder/OnJava8;13726;20/11/2018 05:41;1;399;0;16/09/2020 12:59;None;133;159;83.65
nginx-proxy/nginx-proxy;13726;05/05/2014 17:01;6;176;0;16/09/2020 08:32;Python;560;1101;50.86
brettwooldridge/HikariCP;13724;08/10/2013 05:43;6;183;0;16/09/2020 09:59;Java;1096;1337;81.97
spotify/luigi;13715;20/09/2012 15:06;7;1709;49;16/09/2020 13:00;Python;827;865;95.61
